,post_id,text,post_text,shared_text,time,timestamp,image,image_lowquality,images,images_description,images_lowquality,images_lowquality_description,video,video_duration_seconds,video_height,video_id,video_quality,video_size_MB,video_thumbnail,video_watches,video_width,likes,comments,shares,post_url,link,links,user_id,username,user_url,is_live,factcheck,shared_post_id,shared_time,shared_user_id,shared_username,shared_post_url,available,comments_full,reactors,w3_fb_url,reactions,reaction_count,with,page_id,sharers,image_id,image_ids,was_live,header
0,10159975937899216,"üá©üá™ German dominance... üá®üá≠ Swiss precision...And a shared gold at PyeongChang in 2018! üëÄ

Men's two-man Bobsleigh has produced some history over the last five Winter Olympics. #StrongerTogether","üá©üá™ German dominance... üá®üá≠ Swiss precision...And a shared gold at PyeongChang in 2018! üëÄ

Men's two-man Bobsleigh has produced some history over the last five Winter Olympics. #StrongerTogether",,2022-01-27 11:00:22,,,https://scontent-atl3-1.xx.fbcdn.net/v/t15.5256-10/cp0/e15/q65/s320x320/271992114_873412410725252_1554678007797405742_n.jpg?_nc_cat=110&ccb=1-5&_nc_sid=ccf8b3&efg=eyJpIjoidCJ9&_nc_ohc=fOUBlaPpcEQAX8UCFLT&_nc_ht=scontent-atl3-1.xx&oh=00_AT9gJ7otqpTwEYWnQOUo8tUZfC8RRcr949Ya3P8CPtytDA&oe=61F6A6E2,[],[],['https://scontent-atl3-1.xx.fbcdn.net/v/t15.5256-10/cp0/e15/q65/s320x320/271992114_873412410725252_1554678007797405742_n.jpg?_nc_cat=110&ccb=1-5&_nc_sid=ccf8b3&efg=eyJpIjoidCJ9&_nc_ohc=fOUBlaPpcEQAX8UCFLT&_nc_ht=scontent-atl3-1.xx&oh=00_AT9gJ7otqpTwEYWnQOUo8tUZfC8RRcr949Ya3P8CPtytDA&oe=61F6A6E2'],[None],https://video-atl3-1.xx.fbcdn.net/v/t42.1790-2/10000000_478333633810357_3936197689821457455_n.mp4?_nc_cat=105&ccb=1-5&_nc_sid=985c63&efg=eyJ2ZW5jb2RlX3RhZyI6InN2ZV9zZCJ9&_nc_ohc=t1fVNsfshSEAX9gYlPA&_nc_oc=AQlbZd1n3GO1XI8qEk797R7efif4xV0s8dtkcxDEp6votwkRKcRpTF7Nwgh8jU7bIXw&_nc_rml=0&_nc_ht=video-atl3-1.xx&oh=00_AT9H_d1j86lYMtqz3BOY1BKvcaMhMjaLaVAz5aQ9M3ot2Q&oe=61F2A795,,,873403847392775,,,https://scontent-atl3-1.xx.fbcdn.net/v/t15.5256-10/cp0/e15/q65/s320x320/271992114_873412410725252_1554678007797405742_n.jpg?_nc_cat=110&ccb=1-5&_nc_sid=ccf8b3&efg=eyJpIjoidCJ9&_nc_ohc=fOUBlaPpcEQAX8UCFLT&_nc_ht=scontent-atl3-1.xx&oh=00_AT9gJ7otqpTwEYWnQOUo8tUZfC8RRcr949Ya3P8CPtytDA&oe=61F6A6E2,,,20,0,1,https://facebook.com/olympics/posts/10159975937899216,,"[{'link': '/hashtag/strongertogether?__tn__=%2As-R', 'text': '#StrongerTogether'}]",209361989215,Olympics,https://facebook.com/olympics/?__tn__=C-R,False,,,,,,,True,,,,,,"[{'name': 'Winter Olympics - Last 5 Champions', 'link': '/watch/209361989215/634145087831436/?__tn__=C-R'}]",209361989215,,,[],False,Olympics posted a video to playlist Winter Olympics - Last 5 Champions.
1,10159974428459216,"Mixed team aerials debut at #Beijing2022: get ready for the show with two-time World Champion Laura Peel!

""It's going to be spectacular with plenty of thrills and spills.""

Aerials like you've never seen at the Olympics.

Check the full story.

Australian Olympic Team | FIS Freestyle Skiing","Mixed team aerials debut at #Beijing2022: get ready for the show with two-time World Champion Laura Peel!

""It's going to be spectacular with plenty of thrills and spills.""

Aerials like you've never seen at the Olympics.

Check the full story.

Australian Olympic Team | FIS Freestyle Skiing",,2022-01-26 21:18:27,,,https://scontent-atl3-1.xx.fbcdn.net/v/t15.5256-10/cp0/e15/q65/s320x320/271991538_239893054974716_3989247355622057121_n.jpg?_nc_cat=109&ccb=1-5&_nc_sid=ccf8b3&efg=eyJpIjoidCJ9&_nc_ohc=r7xWanA-TAEAX_GYdYA&tn=HAfNp9Z89zzQBXop&_nc_ht=scontent-atl3-1.xx&oh=00_AT-GEhjcrEzstNX9qOYOKKowi2LXPPJyCYJ2haJy-B5sag&oe=61F83D08,[],[],['https://scontent-atl3-1.xx.fbcdn.net/v/t15.5256-10/cp0/e15/q65/s320x320/271991538_239893054974716_3989247355622057121_n.jpg?_nc_cat=109&ccb=1-5&_nc_sid=ccf8b3&efg=eyJpIjoidCJ9&_nc_ohc=r7xWanA-TAEAX_GYdYA&tn=HAfNp9Z89zzQBXop&_nc_ht=scontent-atl3-1.xx&oh=00_AT-GEhjcrEzstNX9qOYOKKowi2LXPPJyCYJ2haJy-B5sag&oe=61F83D08'],[None],https://video-atl3-1.xx.fbcdn.net/v/t42.1790-2/272821770_611910986582639_296028083046541463_n.mp4?_nc_cat=110&ccb=1-5&_nc_sid=985c63&efg=eyJ2ZW5jb2RlX3RhZyI6InN2ZV9zZCJ9&_nc_ohc=MrRKfoOWVAkAX9Vcc3-&tn=HAfNp9Z89zzQBXop&_nc_rml=0&_nc_ht=video-atl3-1.xx&oh=00_AT98E7kbeUfjvZ1eBl-xu6Q17yWieoDXkEDtmnkVUAbULA&oe=61F29D16,,,239890281641660,,,https://scontent-atl3-1.xx.fbcdn.net/v/t15.5256-10/cp0/e15/q65/s320x320/271991538_239893054974716_3989247355622057121_n.jpg?_nc_cat=109&ccb=1-5&_nc_sid=ccf8b3&efg=eyJpIjoidCJ9&_nc_ohc=r7xWanA-TAEAX_GYdYA&tn=HAfNp9Z89zzQBXop&_nc_ht=scontent-atl3-1.xx&oh=00_AT-GEhjcrEzstNX9qOYOKKowi2LXPPJyCYJ2haJy-B5sag&oe=61F83D08,,,90,6,14,https://facebook.com/olympics/posts/10159974428459216,,"[{'link': '/hashtag/beijing2022?__tn__=%2As-R', 'text': '#Beijing2022'}, {'link': '/laurapeelski/?__tn__=%2As-R', 'text': 'Laura Peel'}, {'link': '/AUSOlympicTeam/?__tn__=%2As-R', 'text': 'Australian Olympic Team'}, {'link': '/fisfreestyle/?__tn__=%2As-R', 'text': 'FIS Freestyle Skiing'}]",209361989215,Olympics,https://facebook.com/olympics/?__tn__=C-R,False,,,,,,,True,,,,,,"[{'name': 'Why the Winter Olympics are Awesome', 'link': '/watch/209361989215/640858280670039/?__tn__=C-R'}]",209361989215,,,[],False,Olympics posted a video to playlist Why the Winter Olympics are Awesome.
2,10159974208214216,"With two double corks, his trademark 1260, and an unbeatable score of 92.00, David Wise won the first ever gold medal in the men's ski halfpipe at the Sochi 2014 Olympic Games.
ü•áüôå

Even in difficult, snowy conditions at Rosa Khutor Extreme Park, Wise dug deep to prevail in the Olympic halfpipe final.

Check out his full run and see the legacy he created in that moment.","With two double corks, his trademark 1260, and an unbeatable score of 92.00, David Wise won the first ever gold medal in the men's ski halfpipe at the Sochi 2014 Olympic Games.
ü•áüôå

Even in difficult, snowy conditions at Rosa Khutor Extreme Park, Wise dug deep to prevail in the Olympic halfpipe final.

Check out his full run and see the legacy he created in that moment.",,2022-01-26 19:18:31,,,https://scontent-atl3-1.xx.fbcdn.net/v/t15.5256-10/cp0/e15/q65/s320x320/272720796_360651982152464_5663863690364933160_n.jpg?_nc_cat=107&ccb=1-5&_nc_sid=ccf8b3&efg=eyJpIjoidCJ9&_nc_ohc=JeugINu4vKoAX_eH5Op&_nc_ht=scontent-atl3-1.xx&oh=00_AT_On8P63t7JBqHQrS3ehYYthnlKM95Ccomc_VU739tlnA&oe=61F7C7F8,[],[],['https://scontent-atl3-1.xx.fbcdn.net/v/t15.5256-10/cp0/e15/q65/s320x320/272720796_360651982152464_5663863690364933160_n.jpg?_nc_cat=107&ccb=1-5&_nc_sid=ccf8b3&efg=eyJpIjoidCJ9&_nc_ohc=JeugINu4vKoAX_eH5Op&_nc_ht=scontent-atl3-1.xx&oh=00_AT_On8P63t7JBqHQrS3ehYYthnlKM95Ccomc_VU739tlnA&oe=61F7C7F8'],[None],https://video-atl3-1.xx.fbcdn.net/v/t42.1790-2/272432937_631252848110215_7590869465396057567_n.mp4?_nc_cat=108&ccb=1-5&_nc_sid=985c63&efg=eyJ2ZW5jb2RlX3RhZyI6InN2ZV9zZCJ9&_nc_ohc=VqqOavwKd4kAX9wWbN9&tn=HAfNp9Z89zzQBXop&_nc_rml=0&_nc_ht=video-atl3-1.xx&oh=00_AT9E8Twpl3O7wv2fw6lLnzjLofmHxQK50qSUTndeT6QnYA&oe=61F2A97C,,,360651028819226,,,https://scontent-atl3-1.xx.fbcdn.net/v/t15.5256-10/cp0/e15/q65/s320x320/272720796_360651982152464_5663863690364933160_n.jpg?_nc_cat=107&ccb=1-5&_nc_sid=ccf8b3&efg=eyJpIjoidCJ9&_nc_ohc=JeugINu4vKoAX_eH5Op&_nc_ht=scontent-atl3-1.xx&oh=00_AT_On8P63t7JBqHQrS3ehYYthnlKM95Ccomc_VU739tlnA&oe=61F7C7F8,,,245,9,26,https://facebook.com/olympics/posts/10159974208214216,,"[{'link': '/story.php?story_fbid=10159974208214216&id=209361989215', 'text': 'More'}]",209361989215,Olympics,https://facebook.com/olympics/?__tn__=C-R,False,,,,,,,True,,,,,,"[{'name': 'Winter Olympics - Throwbacks', 'link': '/watch/209361989215/688807812110200/?__tn__=C-R'}]",209361989215,,,[],False,Olympics posted a video to playlist Winter Olympics - Throwbacks.
3,10159974648944216,"After winning one gold and three silver medals at #PyeongChang2018, Charlotte Kalla became the most decorated female Swedish Olympic athlete of all time. And after a tough year, which included recovering from Covid, she is now ready to go for her 4th gold at #Beijing2022.

Watch Charlotte Kalla‚Äôs incredible story.

Charlotte Kalla I Swedish Olympic Team","After winning one gold and three silver medals at #PyeongChang2018, Charlotte Kalla became the most decorated female Swedish Olympic athlete of all time. And after a tough year, which included recovering from Covid, she is now ready to go for her 4th gold at #Beijing2022.

Watch Charlotte Kalla‚Äôs incredible story.

Charlotte Kalla I Swedish Olympic Team",,2022-01-26 18:18:35,,,https://scontent-atl3-1.xx.fbcdn.net/v/t15.5256-10/cp0/e15/q65/s320x320/272844205_330046105795854_4394122845412379410_n.jpg?_nc_cat=108&ccb=1-5&_nc_sid=ccf8b3&efg=eyJpIjoidCJ9&_nc_ohc=1pDFgifyrZUAX9Ywglq&_nc_ht=scontent-atl3-1.xx&oh=00_AT84RiKMF8i-LJxuHcvxMgcV-nWOGpe9ewLD9nn_8g8QvQ&oe=61F78C63,[],[],['https://scontent-atl3-1.xx.fbcdn.net/v/t15.5256-10/cp0/e15/q65/s320x320/272844205_330046105795854_4394122845412379410_n.jpg?_nc_cat=108&ccb=1-5&_nc_sid=ccf8b3&efg=eyJpIjoidCJ9&_nc_ohc=1pDFgifyrZUAX9Ywglq&_nc_ht=scontent-atl3-1.xx&oh=00_AT84RiKMF8i-LJxuHcvxMgcV-nWOGpe9ewLD9nn_8g8QvQ&oe=61F78C63'],[None],https://video-atl3-1.xx.fbcdn.net/v/t42.1790-2/10000000_476102120577952_1195270399234396522_n.mp4?_nc_cat=108&ccb=1-5&_nc_sid=985c63&efg=eyJ2ZW5jb2RlX3RhZyI6InN2ZV9zZCJ9&_nc_ohc=Al4FNP2chp0AX8IsLB_&_nc_rml=0&_nc_ht=video-atl3-1.xx&oh=00_AT9PBc7aJPOvHFg9jrgig3vHPElHsv_8kPP7mI50qGwvsg&oe=61F2A1C3,,,330037732463358,,,https://scontent-atl3-1.xx.fbcdn.net/v/t15.5256-10/cp0/e15/q65/s320x320/272844205_330046105795854_4394122845412379410_n.jpg?_nc_cat=108&ccb=1-5&_nc_sid=ccf8b3&efg=eyJpIjoidCJ9&_nc_ohc=1pDFgifyrZUAX9Ywglq&_nc_ht=scontent-atl3-1.xx&oh=00_AT84RiKMF8i-LJxuHcvxMgcV-nWOGpe9ewLD9nn_8g8QvQ&oe=61F78C63,,,67,7,5,https://facebook.com/olympics/posts/10159974648944216,,"[{'link': '/hashtag/pyeongchang2018?__tn__=%2As-R', 'text': '#PyeongChang2018'}, {'link': '/story.php?story_fbid=10159974648944216&id=209361989215', 'text': 'More'}, {'link': '/hashtag/beijing2022?__tn__=%2As-R', 'text': '#Beijing2022'}, {'link': '/CharlotteKalla?__tn__=%2As-R', 'text': 'Charlotte Kalla'}, {'link': '/SWEOlympic/?__tn__=%2As-R', 'text': 'Swedish Olympic Team'}]",209361989215,Olympics,https://facebook.com/olympics/?__tn__=C-R,False,,,,,,,True,,,,,,,209361989215,,,[],False,
4,10159974406784216,"From sharpshooting in Salt Lake City to a super Swedish finish in PyeongChang. üí™

Check out the super women who have combined skiing and shooting to win gold at the last five Winter Olympics! ü•áüôå","From sharpshooting in Salt Lake City to a super Swedish finish in PyeongChang. üí™

Check out the super women who have combined skiing and shooting to win gold at the last five Winter Olympics! ü•áüôå",,2022-01-26 17:18:39,,,https://scontent-atl3-1.xx.fbcdn.net/v/t15.5256-10/cp0/e15/q65/s320x320/272769609_249700260523728_2076983690396488321_n.jpg?_nc_cat=105&ccb=1-5&_nc_sid=ccf8b3&efg=eyJpIjoidCJ9&_nc_ohc=mvxnKU3VwxQAX_H2ZKo&_nc_ht=scontent-atl3-1.xx&oh=00_AT8WIh7Y18Ws4ZAQxWEanTwTNQRdjpBHgiRr5F-Cy-uOUg&oe=61F7D9F5,[],[],['https://scontent-atl3-1.xx.fbcdn.net/v/t15.5256-10/cp0/e15/q65/s320x320/272769609_249700260523728_2076983690396488321_n.jpg?_nc_cat=105&ccb=1-5&_nc_sid=ccf8b3&efg=eyJpIjoidCJ9&_nc_ohc=mvxnKU3VwxQAX_H2ZKo&_nc_ht=scontent-atl3-1.xx&oh=00_AT8WIh7Y18Ws4ZAQxWEanTwTNQRdjpBHgiRr5F-Cy-uOUg&oe=61F7D9F5'],[None],https://video-atl3-1.xx.fbcdn.net/v/t42.1790-2/10000000_1331899003918846_2560657699332675108_n.mp4?_nc_cat=106&ccb=1-5&_nc_sid=985c63&efg=eyJ2ZW5jb2RlX3RhZyI6InN2ZV9zZCJ9&_nc_ohc=uRduM6enIyQAX8j1ybU&_nc_rml=0&_nc_ht=video-atl3-1.xx&oh=00_AT8a73f2CosR5F6wzLdyHcu7Q6DFnIS69h2tOP8Yj6J_Mg&oe=61F29E7D,,,249697690523985,,,https://scontent-atl3-1.xx.fbcdn.net/v/t15.5256-10/cp0/e15/q65/s320x320/272769609_249700260523728_2076983690396488321_n.jpg?_nc_cat=105&ccb=1-5&_nc_sid=ccf8b3&efg=eyJpIjoidCJ9&_nc_ohc=mvxnKU3VwxQAX_H2ZKo&_nc_ht=scontent-atl3-1.xx&oh=00_AT8WIh7Y18Ws4ZAQxWEanTwTNQRdjpBHgiRr5F-Cy-uOUg&oe=61F7D9F5,,,113,11,14,https://facebook.com/olympics/posts/10159974406784216,,[],209361989215,Olympics,https://facebook.com/olympics/?__tn__=C-R,False,,,,,,,True,,,,,,"[{'name': 'Winter Olympics - Last 5 Champions', 'link': '/watch/209361989215/634145087831436/?__tn__=C-R'}]",209361989215,,,[],False,Olympics posted a video to playlist Winter Olympics - Last 5 Champions.
5,10159974403884216,"Technology and styles evolve... the winners do not! Germany have dominated this winter sport since 1964, winning 81 of 141 medals! üá©üá™ü•áüí™

Who can challenge them at Beijing 2022? üîÆ

#StrongerTogether | #Olympics | #Luge | #Evolution","Technology and styles evolve... the winners do not! Germany have dominated this winter sport since 1964, winning 81 of 141 medals! üá©üá™ü•áüí™

Who can challenge them at Beijing 2022? üîÆ

#StrongerTogether | #Olympics | #Luge | #Evolution",,2022-01-26 15:18:43,,,https://scontent-atl3-1.xx.fbcdn.net/v/t15.5256-10/cp0/e15/q65/p320x320/272687621_638477444069496_7536690970902462141_n.jpg?_nc_cat=108&ccb=1-5&_nc_sid=ccf8b3&efg=eyJpIjoidCJ9&_nc_ohc=fN2Z5UM43yIAX_mjBoA&_nc_ht=scontent-atl3-1.xx&oh=00_AT9j63yi3iBQ5f2h7Vsm6Sv1dMf95cKJkf-6BkqtdkoKCA&oe=61F7C80E,[],[],['https://scontent-atl3-1.xx.fbcdn.net/v/t15.5256-10/cp0/e15/q65/p320x320/272687621_638477444069496_7536690970902462141_n.jpg?_nc_cat=108&ccb=1-5&_nc_sid=ccf8b3&efg=eyJpIjoidCJ9&_nc_ohc=fN2Z5UM43yIAX_mjBoA&_nc_ht=scontent-atl3-1.xx&oh=00_AT9j63yi3iBQ5f2h7Vsm6Sv1dMf95cKJkf-6BkqtdkoKCA&oe=61F7C80E'],[None],https://video-atl3-1.xx.fbcdn.net/v/t42.1790-2/272692166_464977315179483_3972157266231841377_n.mp4?_nc_cat=100&ccb=1-5&_nc_sid=985c63&efg=eyJ2ZW5jb2RlX3RhZyI6InN2ZV9zZCJ9&_nc_ohc=C4pzMzpgBlwAX9aSW73&_nc_rml=0&_nc_ht=video-atl3-1.xx&oh=00_AT8QbQDmiL9ov4T71fPl3Il9b4TdBubs9_S9E74IDoB4lQ&oe=61F29FBE,,,638476980736209,,,https://scontent-atl3-1.xx.fbcdn.net/v/t15.5256-10/cp0/e15/q65/p320x320/272687621_638477444069496_7536690970902462141_n.jpg?_nc_cat=108&ccb=1-5&_nc_sid=ccf8b3&efg=eyJpIjoidCJ9&_nc_ohc=fN2Z5UM43yIAX_mjBoA&_nc_ht=scontent-atl3-1.xx&oh=00_AT9j63yi3iBQ5f2h7Vsm6Sv1dMf95cKJkf-6BkqtdkoKCA&oe=61F7C80E,,,134,13,10,https://facebook.com/olympics/posts/10159974403884216,,"[{'link': '/beijing2022/?__tn__=%2As-R', 'text': 'Beijing 2022'}, {'link': '/hashtag/strongertogether?__tn__=%2As-R', 'text': '#StrongerTogether'}, {'link': '/hashtag/olympics?__tn__=%2As-R', 'text': '#Olympics'}, {'link': '/hashtag/luge?__tn__=%2As-R', 'text': '#Luge'}, {'link': '/hashtag/evolution?__tn__=%2As-R', 'text': '#Evolution'}]",209361989215,Olympics,https://facebook.com/olympics/?__tn__=C-R,False,,,,,,,True,,,,,,,209361989215,,,[],False,
6,10159974311704216,"9Ô∏è‚É£ days to go until the beginning of the Winter Olympic Games in Beijing. ‚ùÑÔ∏è

Mark your calendars! üóìÔ∏è

#StrongerTogether | #Beijing2022","9Ô∏è‚É£ days to go until the beginning of the Winter Olympic Games in Beijing. ‚ùÑÔ∏è

Mark your calendars! üóìÔ∏è

#StrongerTogether | #Beijing2022",,2022-01-26 12:18:47,,https://scontent-atl3-1.xx.fbcdn.net/v/t39.30808-6/fr/cp0/e15/q65/272855601_10159974303574216_7020620260167475364_n.jpg?_nc_cat=111&ccb=1-5&_nc_sid=8024bb&efg=eyJpIjoidCJ9&_nc_ohc=MCQrt09Tq5IAX_Lb2KP&_nc_ht=scontent-atl3-1.xx&oh=00_AT9khjtaeUI5vdzyYjxKTLLnndULqfuAka0ZgqHM4kEKXQ&oe=61F7D638,https://scontent-atl3-1.xx.fbcdn.net/v/t39.30808-6/cp0/e15/q65/p320x320/272855601_10159974303574216_7020620260167475364_n.jpg?_nc_cat=111&ccb=1-5&_nc_sid=8024bb&efg=eyJpIjoidCJ9&_nc_ohc=MCQrt09Tq5IAX_Lb2KP&_nc_ht=scontent-atl3-1.xx&oh=00_AT_dsiEd_6z3ejlqln3FQ43m5eBACFN2I5_SHX9PcXrnDA&oe=61F851CD,['https://scontent-atl3-1.xx.fbcdn.net/v/t39.30808-6/fr/cp0/e15/q65/272855601_10159974303574216_7020620260167475364_n.jpg?_nc_cat=111&ccb=1-5&_nc_sid=8024bb&efg=eyJpIjoidCJ9&_nc_ohc=MCQrt09Tq5IAX_Lb2KP&_nc_ht=scontent-atl3-1.xx&oh=00_AT9khjtaeUI5vdzyYjxKTLLnndULqfuAka0ZgqHM4kEKXQ&oe=61F7D638'],"[""May be an image of 1 person and text that says 'GER GER 9PAYS 9 TO GO DAYS ‰∏ì BEIJING 2022'""]",['https://scontent-atl3-1.xx.fbcdn.net/v/t39.30808-6/cp0/e15/q65/p320x320/272855601_10159974303574216_7020620260167475364_n.jpg?_nc_cat=111&ccb=1-5&_nc_sid=8024bb&efg=eyJpIjoidCJ9&_nc_ohc=MCQrt09Tq5IAX_Lb2KP&_nc_ht=scontent-atl3-1.xx&oh=00_AT_dsiEd_6z3ejlqln3FQ43m5eBACFN2I5_SHX9PcXrnDA&oe=61F851CD'],"[""May be an image of 1 person and text that says 'GER GER 9PAYS 9 TO GO DAYS ‰∏ì BEIJING 2022'""]",,,,,,,,,,603,34,88,https://facebook.com/olympics/posts/10159974311704216,,"[{'link': '/hashtag/strongertogether?__tn__=%2As-R', 'text': '#StrongerTogether'}, {'link': '/hashtag/beijing2022?__tn__=%2As-R', 'text': '#Beijing2022'}]",209361989215,Olympics,https://facebook.com/olympics/?__tn__=C-R,False,,,,,,,True,,,,,,,209361989215,,10159974303604216,['10159974303604216'],False,
7,10159972747654216,"Tears of joy for 'Queen Yuna' after winning gold at the Vancouver 2010 Winter Olympics.‚≠ê

Yuna Kim's brilliant performance throughout the women's singles figure skating competition earned her first place with a total score of 228.56.

Having always been an example of excellence and consistency throughout her career, did you know that she has never finished a competition lower than third place?

ISU Figure Skating","Tears of joy for 'Queen Yuna' after winning gold at the Vancouver 2010 Winter Olympics.‚≠ê

Yuna Kim's brilliant performance throughout the women's singles figure skating competition earned her first place with a total score of 228.56.

Having always been an example of excellence and consistency throughout her career, did you know that she has never finished a competition lower than third place?

ISU Figure Skating",,2022-01-26 03:15:00,,,https://scontent-atl3-1.xx.fbcdn.net/v/t15.13418-10/cp0/e15/q65/s320x320/272046419_348760010397801_4326524829120297226_n.jpg?_nc_cat=105&ccb=1-5&_nc_sid=ccf8b3&efg=eyJpIjoidCJ9&_nc_ohc=PZgGtof2DVgAX9Lm6uq&_nc_ht=scontent-atl3-1.xx&oh=00_AT8To8bO_2BQhPyJR8weNJTvT9t41u42YaL_Yvuzrpfgag&oe=61F6AE0A,[],[],['https://scontent-atl3-1.xx.fbcdn.net/v/t15.13418-10/cp0/e15/q65/s320x320/272046419_348760010397801_4326524829120297226_n.jpg?_nc_cat=105&ccb=1-5&_nc_sid=ccf8b3&efg=eyJpIjoidCJ9&_nc_ohc=PZgGtof2DVgAX9Lm6uq&_nc_ht=scontent-atl3-1.xx&oh=00_AT8To8bO_2BQhPyJR8weNJTvT9t41u42YaL_Yvuzrpfgag&oe=61F6AE0A'],[None],https://video-atl3-1.xx.fbcdn.net/v/t42.1790-2/10000000_685260589581010_3015497592292737581_n.mp4?_nc_cat=102&ccb=1-5&_nc_sid=985c63&efg=eyJ2ZW5jb2RlX3RhZyI6InN2ZV9zZCJ9&_nc_ohc=ADniaNKA5ZUAX9t0MQ0&_nc_rml=0&_nc_ht=video-atl3-1.xx&oh=00_AT9LIptKbZQrXVGdO7VHTMYMOvu7J-vsGg9dEO_divnYnA&oe=61F2A93D,,,319180296651139,,,https://scontent-atl3-1.xx.fbcdn.net/v/t15.13418-10/cp0/e15/q65/s320x320/272046419_348760010397801_4326524829120297226_n.jpg?_nc_cat=105&ccb=1-5&_nc_sid=ccf8b3&efg=eyJpIjoidCJ9&_nc_ohc=PZgGtof2DVgAX9Lm6uq&_nc_ht=scontent-atl3-1.xx&oh=00_AT8To8bO_2BQhPyJR8weNJTvT9t41u42YaL_Yvuzrpfgag&oe=61F6AE0A,,,620,34,54,https://facebook.com/olympics/posts/10159972747654216,,"[{'link': '/profile.php?id=100044604661723&__tn__=%2As-R', 'text': 'Yuna Kim'}, {'link': '/story.php?story_fbid=10159972747654216&id=209361989215', 'text': 'More'}, {'link': '/isufigureskating/?__tn__=%2As-R', 'text': 'ISU Figure Skating'}]",209361989215,Olympics,https://facebook.com/olympics/?__tn__=C-R,False,,,,,,,True,,,,,,"[{'name': 'Winter Olympics - Figure Skating Replays', 'link': '/watch/209361989215/357376929140748/?__tn__=C-R'}]",209361989215,,,[],False,Olympics posted a video to playlist Winter Olympics - Figure Skating Replays.
8,10159974212109216,"Join the #Fanzone. üì≤

Build your ultimate Olympic fantasy team at #Beijing to WIN! ü•áüí™

#StrongerTogether

Play Now üëâhttps://oly.ch/3499PXl","Join the #Fanzone. üì≤

Build your ultimate Olympic fantasy team at #Beijing to WIN! ü•áüí™

#StrongerTogether

Play Now üëâhttps://oly.ch/3499PXl",,2022-01-26 02:57:00,,,https://scontent-atl3-1.xx.fbcdn.net/v/t15.5256-10/cp0/e15/q65/p320x320/272794390_265707142369149_999468321430995333_n.jpg?_nc_cat=102&ccb=1-5&_nc_sid=ccf8b3&efg=eyJpIjoidCJ9&_nc_ohc=fZ0HcPZTghsAX_2qXPA&_nc_ht=scontent-atl3-1.xx&oh=00_AT9KgOHsLD8I05T5UFikDT_cEjQk4KjXTPExLmhv9-7LlQ&oe=61F74A44,[],[],['https://scontent-atl3-1.xx.fbcdn.net/v/t15.5256-10/cp0/e15/q65/p320x320/272794390_265707142369149_999468321430995333_n.jpg?_nc_cat=102&ccb=1-5&_nc_sid=ccf8b3&efg=eyJpIjoidCJ9&_nc_ohc=fZ0HcPZTghsAX_2qXPA&_nc_ht=scontent-atl3-1.xx&oh=00_AT9KgOHsLD8I05T5UFikDT_cEjQk4KjXTPExLmhv9-7LlQ&oe=61F74A44'],[None],https://video-atl3-1.xx.fbcdn.net/v/t42.1790-2/272457413_3048602738722099_4381279435944414423_n.mp4?_nc_cat=111&ccb=1-5&_nc_sid=985c63&efg=eyJ2ZW5jb2RlX3RhZyI6InN2ZV9zZCJ9&_nc_ohc=TJVf1UgV95kAX9Cdz_x&_nc_rml=0&_nc_ht=video-atl3-1.xx&oh=00_AT8Tfnvnl3Wb_2j5fGjLHoyuSCryrra4hTWO_vc79OQaww&oe=61F2A107,,,265706899035840,,,https://scontent-atl3-1.xx.fbcdn.net/v/t15.5256-10/cp0/e15/q65/p320x320/272794390_265707142369149_999468321430995333_n.jpg?_nc_cat=102&ccb=1-5&_nc_sid=ccf8b3&efg=eyJpIjoidCJ9&_nc_ohc=fZ0HcPZTghsAX_2qXPA&_nc_ht=scontent-atl3-1.xx&oh=00_AT9KgOHsLD8I05T5UFikDT_cEjQk4KjXTPExLmhv9-7LlQ&oe=61F74A44,,,63,3,7,https://facebook.com/olympics/posts/10159974212109216,https://oly.ch/3499PXl?fbclid=IwAR3qXxdceGTRYCJ1MPEDBA-f__5WaGWT4ySSqbHLA4XC3INSf9cGVWlS5mo,"[{'link': '/hashtag/fanzone?__tn__=%2As-R', 'text': '#Fanzone'}, {'link': '/hashtag/beijing?__tn__=%2As-R', 'text': '#Beijing'}, {'link': '/hashtag/strongertogether?__tn__=%2As-R', 'text': '#StrongerTogether'}, {'link': 'https://lm.facebook.com/l.php?u=https%3A%2F%2Foly.ch%2F3499PXl%3Ffbclid%3DIwAR3qXxdceGTRYCJ1MPEDBA-f__5WaGWT4ySSqbHLA4XC3INSf9cGVWlS5mo&h=AT2Y3Ctbeo9nKwcPpfToq0gAh5TINHJeKWulwcuRvSt6SsG9AGY3NRm94KmxYvwnNqycqdNeR_nFcSUOhoXT3dj6JTjS0gYIiqwGhWvI48u6pD2xUKR9f_BeFvMMssSXHOBh-BH8QZHSflZ5CQsmEDe9iQ', 'text': 'https://oly.ch/3499PXl'}]",209361989215,Olympics,https://facebook.com/olympics/?__tn__=C-R,False,,,,,,,True,,,,,,,209361989215,,,[],False,
9,10159973220334216,"It's definitely worth taking a closer look at the helmets skeleton athletes wear during their races. From superheroes to their favourite animals - the helmets represent the athlete‚Äôs spirit!

Ghana‚Äôs Akwasi Frimpong is known for his creative designs, and he lets us in on a secret: ""Skeleton athletes love to show their alter ego.""

IBSF - International Bobsleigh & Skeleton Federation","It's definitely worth taking a closer look at the helmets skeleton athletes wear during their races. From superheroes to their favourite animals - the helmets represent the athlete‚Äôs spirit!

Ghana‚Äôs Akwasi Frimpong is known for his creative designs, and he lets us in on a secret: ""Skeleton athletes love to show their alter ego.""

IBSF - International Bobsleigh & Skeleton Federation",,2022-01-25 13:02:00,,,https://scontent-atl3-1.xx.fbcdn.net/v/t15.5256-10/cp0/e15/q65/s320x320/272705991_1083495052437536_4178756330460349468_n.jpg?_nc_cat=108&ccb=1-5&_nc_sid=ccf8b3&efg=eyJpIjoidCJ9&_nc_ohc=zcd9Jxm7-5QAX8QKC4_&_nc_oc=AQlxS_yo5RWGNiykU1XhVfdHs63q1jJPRa2NhsEBP1SRorkUM6JzAorm8KqLMneHhyk&_nc_ht=scontent-atl3-1.xx&oh=00_AT-AEcBpMOV1nXvMrRcYKKNUXWvue91W4ozcA0-e5EO3Dg&oe=61F83CE9,[],[],['https://scontent-atl3-1.xx.fbcdn.net/v/t15.5256-10/cp0/e15/q65/s320x320/272705991_1083495052437536_4178756330460349468_n.jpg?_nc_cat=108&ccb=1-5&_nc_sid=ccf8b3&efg=eyJpIjoidCJ9&_nc_ohc=zcd9Jxm7-5QAX8QKC4_&_nc_oc=AQlxS_yo5RWGNiykU1XhVfdHs63q1jJPRa2NhsEBP1SRorkUM6JzAorm8KqLMneHhyk&_nc_ht=scontent-atl3-1.xx&oh=00_AT-AEcBpMOV1nXvMrRcYKKNUXWvue91W4ozcA0-e5EO3Dg&oe=61F83CE9'],[None],https://video-atl3-1.xx.fbcdn.net/v/t42.1790-2/272755605_365576484903879_8466653756243923615_n.mp4?_nc_cat=107&ccb=1-5&_nc_sid=985c63&efg=eyJ2ZW5jb2RlX3RhZyI6InN2ZV9zZCJ9&_nc_ohc=N71bxgpOwMUAX_i12xr&_nc_rml=0&_nc_ht=video-atl3-1.xx&oh=00_AT8y2FXcYyRbzsQBZ5APNs6-NORupcKyHYZ86e7NCX4kTg&oe=61F29DEE,,,1083494229104285,,,https://scontent-atl3-1.xx.fbcdn.net/v/t15.5256-10/cp0/e15/q65/s320x320/272705991_1083495052437536_4178756330460349468_n.jpg?_nc_cat=108&ccb=1-5&_nc_sid=ccf8b3&efg=eyJpIjoidCJ9&_nc_ohc=zcd9Jxm7-5QAX8QKC4_&_nc_oc=AQlxS_yo5RWGNiykU1XhVfdHs63q1jJPRa2NhsEBP1SRorkUM6JzAorm8KqLMneHhyk&_nc_ht=scontent-atl3-1.xx&oh=00_AT-AEcBpMOV1nXvMrRcYKKNUXWvue91W4ozcA0-e5EO3Dg&oe=61F83CE9,,,162,8,21,https://facebook.com/olympics/posts/10159973220334216,,"[{'link': '/story.php?story_fbid=10159973220334216&id=209361989215', 'text': 'More'}, {'link': '/IBSFsliding/?__tn__=%2As-R', 'text': 'IBSF - International Bobsleigh & Skeleton Federation'}]",209361989215,Olympics,https://facebook.com/olympics/?__tn__=C-R,False,,,,,,,True,,,,,,,209361989215,,,[],False,
10,10159972612804216,"Dr Jekyll and Mr Hyde?

üá≥üáø Kiwi rising ski star Alice Robinson admits she turns into a different person every time she attacks a slope.

The NZ Team | FIS Alpine World Cup Tour","Dr Jekyll and Mr Hyde?

üá≥üáø Kiwi rising ski star Alice Robinson admits she turns into a different person every time she attacks a slope.

The NZ Team | FIS Alpine World Cup Tour",,2022-01-25 12:00:00,,,https://scontent-atl3-1.xx.fbcdn.net/v/t15.5256-10/cp0/e15/q65/s320x320/272624192_178477854500188_7972408511848183517_n.jpg?_nc_cat=101&ccb=1-5&_nc_sid=ccf8b3&efg=eyJpIjoidCJ9&_nc_ohc=T6_BVrceRqEAX8Aa9pH&_nc_ht=scontent-atl3-1.xx&oh=00_AT9U70o7zQyuzuLrvOzzofy01oVoWyRlj9ZB76bixle-3Q&oe=61F85777,[],[],['https://scontent-atl3-1.xx.fbcdn.net/v/t15.5256-10/cp0/e15/q65/s320x320/272624192_178477854500188_7972408511848183517_n.jpg?_nc_cat=101&ccb=1-5&_nc_sid=ccf8b3&efg=eyJpIjoidCJ9&_nc_ohc=T6_BVrceRqEAX8Aa9pH&_nc_ht=scontent-atl3-1.xx&oh=00_AT9U70o7zQyuzuLrvOzzofy01oVoWyRlj9ZB76bixle-3Q&oe=61F85777'],[None],https://video-atl3-1.xx.fbcdn.net/v/t42.1790-2/272459614_129168176262014_2587954425662661873_n.mp4?_nc_cat=107&ccb=1-5&_nc_sid=985c63&efg=eyJ2ZW5jb2RlX3RhZyI6InN2ZV9zZCJ9&_nc_ohc=sGYf3t-gjsgAX_hb13H&_nc_rml=0&_nc_ht=video-atl3-1.xx&oh=00_AT_WSkkuEki64boBHFuekXC0kpwt4sE_pAUdpb-UFTZUiw&oe=61F29F6F,,,178475397833767,,,https://scontent-atl3-1.xx.fbcdn.net/v/t15.5256-10/cp0/e15/q65/s320x320/272624192_178477854500188_7972408511848183517_n.jpg?_nc_cat=101&ccb=1-5&_nc_sid=ccf8b3&efg=eyJpIjoidCJ9&_nc_ohc=T6_BVrceRqEAX8Aa9pH&_nc_ht=scontent-atl3-1.xx&oh=00_AT9U70o7zQyuzuLrvOzzofy01oVoWyRlj9ZB76bixle-3Q&oe=61F85777,,,107,6,12,https://facebook.com/olympics/posts/10159972612804216,,"[{'link': '/alicerobinsonski?__tn__=%2As-R', 'text': 'Alice Robinson'}, {'link': '/TheNZTeam/?__tn__=%2As-R', 'text': 'The NZ Team'}, {'link': '/fisalpine/?__tn__=%2As-R', 'text': 'FIS Alpine World Cup Tour'}]",209361989215,Olympics,https://facebook.com/olympics/?__tn__=C-R,False,,,,,,,True,,,,,,"[{'name': 'Why the Winter Olympics are Awesome', 'link': '/watch/209361989215/640858280670039/?__tn__=C-R'}]",209361989215,,,[],False,Olympics posted a video to playlist Why the Winter Olympics are Awesome.
11,10159972255644216,"Don't blink or you'll miss it! üëÄüí®

From Salt Lake 2002 to PyeongChang 2018, relive the winning runs of the last five women's singles Olympic luge champions.

International Luge Federation","Don't blink or you'll miss it! üëÄüí®

From Salt Lake 2002 to PyeongChang 2018, relive the winning runs of the last five women's singles Olympic luge champions.

International Luge Federation",,2022-01-25 11:00:00,,,https://scontent-atl3-1.xx.fbcdn.net/v/t15.5256-10/cp0/e15/q65/s320x320/248510944_474792940726175_6066230473738055100_n.jpg?_nc_cat=100&ccb=1-5&_nc_sid=ccf8b3&efg=eyJpIjoidCJ9&_nc_ohc=ocvy0gpb2JYAX94G9_W&_nc_ht=scontent-atl3-1.xx&oh=00_AT80RC5sNS-YDH1C0QXOaYHaoprgL2WP78JPpvScZUe-0g&oe=61F72721,[],[],['https://scontent-atl3-1.xx.fbcdn.net/v/t15.5256-10/cp0/e15/q65/s320x320/248510944_474792940726175_6066230473738055100_n.jpg?_nc_cat=100&ccb=1-5&_nc_sid=ccf8b3&efg=eyJpIjoidCJ9&_nc_ohc=ocvy0gpb2JYAX94G9_W&_nc_ht=scontent-atl3-1.xx&oh=00_AT80RC5sNS-YDH1C0QXOaYHaoprgL2WP78JPpvScZUe-0g&oe=61F72721'],[None],https://video-atl3-1.xx.fbcdn.net/v/t42.1790-2/10000000_976557802961648_5435981616608188634_n.mp4?_nc_cat=100&ccb=1-5&_nc_sid=985c63&efg=eyJ2ZW5jb2RlX3RhZyI6InN2ZV9zZCJ9&_nc_ohc=JjgegCpx2vIAX-HolLT&_nc_rml=0&_nc_ht=video-atl3-1.xx&oh=00_AT9d471r1sfhjY-DGm68iNeZVQhMjtKpD7vJzryiVzNN9A&oe=61F29C70,,,474788097393326,,,https://scontent-atl3-1.xx.fbcdn.net/v/t15.5256-10/cp0/e15/q65/s320x320/248510944_474792940726175_6066230473738055100_n.jpg?_nc_cat=100&ccb=1-5&_nc_sid=ccf8b3&efg=eyJpIjoidCJ9&_nc_ohc=ocvy0gpb2JYAX94G9_W&_nc_ht=scontent-atl3-1.xx&oh=00_AT80RC5sNS-YDH1C0QXOaYHaoprgL2WP78JPpvScZUe-0g&oe=61F72721,,,147,8,18,https://facebook.com/olympics/posts/10159972255644216,,"[{'link': '/FILuge/?__tn__=%2As-R', 'text': 'International Luge Federation'}]",209361989215,Olympics,https://facebook.com/olympics/?__tn__=C-R,False,,,,,,,True,,,,,,"[{'name': 'Winter Olympics - Last 5 Champions', 'link': '/watch/209361989215/634145087831436/?__tn__=C-R'}]",209361989215,,,[],False,Olympics posted a video to playlist Winter Olympics - Last 5 Champions.
12,10159972785439216,"Dancing into December... ‚õ∏Ô∏è

Stakes are high for all the duos, but the pressure is on for Olivia Smart and Adrian Diaz Bronchud to get a step closer to the üá™üá∏ Olympic team for #Beijing2022.

See how they perform at nationals ‚¨áÔ∏è

ISU Figure Skating I Real Federaci√≥n Espa√±ola Deportes de Hielo - RFEDH I Comit√© Ol√≠mpico Espa√±ol (COE)","Dancing into December... ‚õ∏Ô∏è

Stakes are high for all the duos, but the pressure is on for Olivia Smart and Adrian Diaz Bronchud to get a step closer to the üá™üá∏ Olympic team for #Beijing2022.

See how they perform at nationals ‚¨áÔ∏è

ISU Figure Skating I Real Federaci√≥n Espa√±ola Deportes de Hielo - RFEDH I Comit√© Ol√≠mpico Espa√±ol (COE)",,2022-01-25 09:11:00,,,https://scontent-atl3-1.xx.fbcdn.net/v/t15.5256-10/cp0/e15/q65/s320x320/272622128_944127999571533_6251494356130147121_n.jpg?_nc_cat=109&ccb=1-5&_nc_sid=ccf8b3&efg=eyJpIjoidCJ9&_nc_ohc=vz4Z_R7r0XgAX8Do2Aq&_nc_ht=scontent-atl3-1.xx&oh=00_AT_QzyxlE9FYf___ANyJbHtSXc9BrwT14B_D8eTYSq_l_w&oe=61F74A3D,[],[],['https://scontent-atl3-1.xx.fbcdn.net/v/t15.5256-10/cp0/e15/q65/s320x320/272622128_944127999571533_6251494356130147121_n.jpg?_nc_cat=109&ccb=1-5&_nc_sid=ccf8b3&efg=eyJpIjoidCJ9&_nc_ohc=vz4Z_R7r0XgAX8Do2Aq&_nc_ht=scontent-atl3-1.xx&oh=00_AT_QzyxlE9FYf___ANyJbHtSXc9BrwT14B_D8eTYSq_l_w&oe=61F74A3D'],[None],https://video-atl3-1.xx.fbcdn.net/v/t42.1790-2/10000000_407704764025449_7194649904310182635_n.mp4?_nc_cat=107&ccb=1-5&_nc_sid=985c63&efg=eyJ2ZW5jb2RlX3RhZyI6InN2ZV9zZCJ9&_nc_ohc=ESTbKO4KBbIAX8_KGII&_nc_rml=0&_nc_ht=video-atl3-1.xx&oh=00_AT-yv-uy6levn0lvS7c6mhY1gghKXXgQcMoYws2X58ltNQ&oe=61F29FDE,,,944122886238711,,,https://scontent-atl3-1.xx.fbcdn.net/v/t15.5256-10/cp0/e15/q65/s320x320/272622128_944127999571533_6251494356130147121_n.jpg?_nc_cat=109&ccb=1-5&_nc_sid=ccf8b3&efg=eyJpIjoidCJ9&_nc_ohc=vz4Z_R7r0XgAX8Do2Aq&_nc_ht=scontent-atl3-1.xx&oh=00_AT_QzyxlE9FYf___ANyJbHtSXc9BrwT14B_D8eTYSq_l_w&oe=61F74A3D,,,108,10,14,https://facebook.com/olympics/posts/10159972785439216,,"[{'link': '/adriandiazbronchud?__tn__=%2As-R', 'text': 'Adrian Diaz Bronchud'}, {'link': '/hashtag/beijing2022?__tn__=%2As-R', 'text': '#Beijing2022'}, {'link': '/isufigureskating/?__tn__=%2As-R', 'text': 'ISU Figure Skating'}, {'link': '/fedhielo/?__tn__=%2As-R', 'text': 'Real Federaci√≥n Espa√±ola Deportes de Hielo - RFEDH'}, {'link': '/ComiteOlimpico/?__tn__=%2As-R', 'text': 'Comit√© Ol√≠mpico Espa√±ol (COE)'}]",209361989215,Olympics,https://facebook.com/olympics/?__tn__=C-R,False,,,,,,,True,,,,,,"[{'name': 'Winter Olympics - Original Series', 'link': '/watch/209361989215/616356442984540/?__tn__=C-R'}]",209361989215,,,[],False,Olympics posted a video to playlist Winter Olympics - Original Series.
13,10159972240539216,"Intense. Competitive. Victorious. ü•áüèí

Watch the highlights when Canada defeated Team USA 3-2 for the gold medal at the Vancouver 2010 Winter Olympic Games.","Intense. Competitive. Victorious. ü•áüèí

Watch the highlights when Canada defeated Team USA 3-2 for the gold medal at the Vancouver 2010 Winter Olympic Games.",,2022-01-25 07:00:00,,,https://scontent-atl3-1.xx.fbcdn.net/v/t15.5256-10/cp0/e15/q65/s320x320/272646772_307000301246927_8128294468670231472_n.jpg?_nc_cat=109&ccb=1-5&_nc_sid=ccf8b3&efg=eyJpIjoidCJ9&_nc_ohc=qMZHrYm_6TsAX-aoiQS&tn=HAfNp9Z89zzQBXop&_nc_ht=scontent-atl3-1.xx&oh=00_AT96TQkk1MG2_4yqBLbcuNks3Qg2KAFUVeoO6IrETAexLg&oe=61F76D7B,[],[],['https://scontent-atl3-1.xx.fbcdn.net/v/t15.5256-10/cp0/e15/q65/s320x320/272646772_307000301246927_8128294468670231472_n.jpg?_nc_cat=109&ccb=1-5&_nc_sid=ccf8b3&efg=eyJpIjoidCJ9&_nc_ohc=qMZHrYm_6TsAX-aoiQS&tn=HAfNp9Z89zzQBXop&_nc_ht=scontent-atl3-1.xx&oh=00_AT96TQkk1MG2_4yqBLbcuNks3Qg2KAFUVeoO6IrETAexLg&oe=61F76D7B'],[None],https://video-atl3-1.xx.fbcdn.net/v/t42.1790-2/10000000_478808843920719_3909606099315866046_n.mp4?_nc_cat=109&ccb=1-5&_nc_sid=985c63&efg=eyJ2ZW5jb2RlX3RhZyI6InN2ZV9zZCJ9&_nc_ohc=36TdXPFxZfgAX980yAj&_nc_rml=0&_nc_ht=video-atl3-1.xx&oh=00_AT-3oyM-OwDEgcUSKLTY4e9IW84NH6iC1NvIUAlLvx5j4w&oe=61F29D4E,,,306998947913729,,,https://scontent-atl3-1.xx.fbcdn.net/v/t15.5256-10/cp0/e15/q65/s320x320/272646772_307000301246927_8128294468670231472_n.jpg?_nc_cat=109&ccb=1-5&_nc_sid=ccf8b3&efg=eyJpIjoidCJ9&_nc_ohc=qMZHrYm_6TsAX-aoiQS&tn=HAfNp9Z89zzQBXop&_nc_ht=scontent-atl3-1.xx&oh=00_AT96TQkk1MG2_4yqBLbcuNks3Qg2KAFUVeoO6IrETAexLg&oe=61F76D7B,,,300,17,29,https://facebook.com/olympics/posts/10159972240539216,,[],209361989215,Olympics,https://facebook.com/olympics/?__tn__=C-R,False,,,,,,,True,,,,,,"[{'name': 'Winter Olympics - Throwbacks', 'link': '/watch/209361989215/688807812110200/?__tn__=C-R'}]",209361989215,,,[],False,Olympics posted a video to playlist Winter Olympics - Throwbacks.
14,10159972310554216,"A look back to when Arakawa Shizuka became Japan‚Äôs first Olympic figure skating champion. üèÖ

Enjoy her smooth and stunning short skate performance. This put her in third position before then going on to record the highest score in the free skate to earn gold at the Torino 2006 Olympic Games.

What a performance, what a memory!

ISU Figure Skating","A look back to when Arakawa Shizuka became Japan‚Äôs first Olympic figure skating champion. üèÖ

Enjoy her smooth and stunning short skate performance. This put her in third position before then going on to record the highest score in the free skate to earn gold at the Torino 2006 Olympic Games.

What a performance, what a memory!

ISU Figure Skating",,2022-01-25 06:15:00,,,https://scontent-atl3-1.xx.fbcdn.net/v/t15.13418-10/cp0/e15/q65/s320x320/271954981_307513774728426_6066434337363271086_n.jpg?_nc_cat=105&ccb=1-5&_nc_sid=ccf8b3&efg=eyJpIjoidCJ9&_nc_ohc=_o8rIDQGVcYAX9iGyM9&_nc_ht=scontent-atl3-1.xx&oh=00_AT-B5GUSpTSd62sWetqQkS8MfjSDY6lsFG88Ye1Xsq34tw&oe=61F7A68B,[],[],['https://scontent-atl3-1.xx.fbcdn.net/v/t15.13418-10/cp0/e15/q65/s320x320/271954981_307513774728426_6066434337363271086_n.jpg?_nc_cat=105&ccb=1-5&_nc_sid=ccf8b3&efg=eyJpIjoidCJ9&_nc_ohc=_o8rIDQGVcYAX9iGyM9&_nc_ht=scontent-atl3-1.xx&oh=00_AT-B5GUSpTSd62sWetqQkS8MfjSDY6lsFG88Ye1Xsq34tw&oe=61F7A68B'],[None],https://video-atl3-1.xx.fbcdn.net/v/t42.1790-2/10000000_655016412602151_7692252649422253452_n.mp4?_nc_cat=111&ccb=1-5&_nc_sid=985c63&efg=eyJ2ZW5jb2RlX3RhZyI6InN2ZV9zZCJ9&_nc_ohc=vgypudfIz-cAX8OOH92&_nc_rml=0&_nc_ht=video-atl3-1.xx&oh=00_AT-WX2ZJVViGUP_rq6IDndUi7RpxBvKYH4MAOy4K1Y9nyQ&oe=61F2A2BF,,,347978180509455,,,https://scontent-atl3-1.xx.fbcdn.net/v/t15.13418-10/cp0/e15/q65/s320x320/271954981_307513774728426_6066434337363271086_n.jpg?_nc_cat=105&ccb=1-5&_nc_sid=ccf8b3&efg=eyJpIjoidCJ9&_nc_ohc=_o8rIDQGVcYAX9iGyM9&_nc_ht=scontent-atl3-1.xx&oh=00_AT-B5GUSpTSd62sWetqQkS8MfjSDY6lsFG88Ye1Xsq34tw&oe=61F7A68B,,,302,8,28,https://facebook.com/olympics/posts/10159972310554216,,"[{'link': '/story.php?story_fbid=10159972310554216&id=209361989215', 'text': 'More'}, {'link': '/isufigureskating/?__tn__=%2As-R', 'text': 'ISU Figure Skating'}]",209361989215,Olympics,https://facebook.com/olympics/?__tn__=C-R,False,,,,,,,True,,,,,,"[{'name': 'Winter Olympics - Figure Skating Replays', 'link': '/watch/209361989215/357376929140748/?__tn__=C-R'}]",209361989215,,,[],False,Olympics posted a video to playlist Winter Olympics - Figure Skating Replays.
15,10159972240324216,"Every rise, every fall, every victory - we‚Äôre in it together.

Winter Olympic Games #Beijing2022 - 10 days to go. ‚ùÑÔ∏è
#StrongerTogether","Every rise, every fall, every victory - we‚Äôre in it together.

Winter Olympic Games #Beijing2022 - 10 days to go. ‚ùÑÔ∏è
#StrongerTogether",,2022-01-25 05:00:00,,,https://scontent-atl3-1.xx.fbcdn.net/v/t15.5256-10/cp0/e15/q65/s320x320/272646247_322946676387174_9016238254521617017_n.jpg?_nc_cat=101&ccb=1-5&_nc_sid=ccf8b3&efg=eyJpIjoidCJ9&_nc_ohc=xCid5GtqzGoAX_RAWr3&_nc_ht=scontent-atl3-1.xx&oh=00_AT-uqz23p1kAfX7CdzixfgzJQwJ6A2-FG9Bm7iq8VD5AWQ&oe=61F7D1D7,[],[],['https://scontent-atl3-1.xx.fbcdn.net/v/t15.5256-10/cp0/e15/q65/s320x320/272646247_322946676387174_9016238254521617017_n.jpg?_nc_cat=101&ccb=1-5&_nc_sid=ccf8b3&efg=eyJpIjoidCJ9&_nc_ohc=xCid5GtqzGoAX_RAWr3&_nc_ht=scontent-atl3-1.xx&oh=00_AT-uqz23p1kAfX7CdzixfgzJQwJ6A2-FG9Bm7iq8VD5AWQ&oe=61F7D1D7'],[None],https://video-atl3-1.xx.fbcdn.net/v/t42.1790-2/272594726_663149498463372_766586280650938068_n.mp4?_nc_cat=105&ccb=1-5&_nc_sid=985c63&efg=eyJ2ZW5jb2RlX3RhZyI6InN2ZV9zZCJ9&_nc_ohc=GloUeh--ns4AX8F_L-9&_nc_oc=AQmZUghafMzzAf55uq_K7RpYPVE9lKDkDqAQ34cbXbAD_duKTaHj__UZFQJIkXAoz8U&tn=HAfNp9Z89zzQBXop&_nc_rml=0&_nc_ht=video-atl3-1.xx&oh=00_AT_IHmfHAa9ViXz_9A5RogP10_hM_ahjReQiAKQjOFHhiA&oe=61F29E96,,,322945853053923,,,https://scontent-atl3-1.xx.fbcdn.net/v/t15.5256-10/cp0/e15/q65/s320x320/272646247_322946676387174_9016238254521617017_n.jpg?_nc_cat=101&ccb=1-5&_nc_sid=ccf8b3&efg=eyJpIjoidCJ9&_nc_ohc=xCid5GtqzGoAX_RAWr3&_nc_ht=scontent-atl3-1.xx&oh=00_AT-uqz23p1kAfX7CdzixfgzJQwJ6A2-FG9Bm7iq8VD5AWQ&oe=61F7D1D7,,,605,19,359,https://facebook.com/olympics/posts/10159972240324216,,"[{'link': '/hashtag/beijing2022?__tn__=%2As-R', 'text': '#Beijing2022'}, {'link': '/hashtag/strongertogether?__tn__=%2As-R', 'text': '#StrongerTogether'}]",209361989215,Olympics,https://facebook.com/olympics/?__tn__=C-R,False,,,,,,,True,,,,,,,209361989215,,,[],False,
16,10159972301549216,"The final countdown begins!

üîü days until winter athletes from around the world gather for the Olympic Winter Games #Beijing2022.

Tag an athlete below to show them your support. üëá

#StrongerTogether","The final countdown begins!

üîü days until winter athletes from around the world gather for the Olympic Winter Games #Beijing2022.

Tag an athlete below to show them your support. üëá

#StrongerTogether",,2022-01-25 04:01:00,,https://scontent-atl3-1.xx.fbcdn.net/v/t39.30808-6/fr/cp0/e15/q65/272758381_10159972277774216_4645851767723588884_n.jpg?_nc_cat=109&ccb=1-5&_nc_sid=8024bb&efg=eyJpIjoidCJ9&_nc_ohc=ata0l987bvYAX84_vdS&_nc_ht=scontent-atl3-1.xx&oh=00_AT9x22sO4yNhQmeA8XvsBmEzdiREZCQXJ5I_meBc0YGxfw&oe=61F8593E,https://scontent-atl3-1.xx.fbcdn.net/v/t39.30808-6/cp0/e15/q65/p320x320/272758381_10159972277774216_4645851767723588884_n.jpg?_nc_cat=109&ccb=1-5&_nc_sid=8024bb&efg=eyJpIjoidCJ9&_nc_ohc=ata0l987bvYAX84_vdS&_nc_ht=scontent-atl3-1.xx&oh=00_AT9DjUq5XH5QtLV43kadn9lxsPLgIWIfdezwRTcCeH1jmQ&oe=61F84C87,['https://scontent-atl3-1.xx.fbcdn.net/v/t39.30808-6/fr/cp0/e15/q65/272758381_10159972277774216_4645851767723588884_n.jpg?_nc_cat=109&ccb=1-5&_nc_sid=8024bb&efg=eyJpIjoidCJ9&_nc_ohc=ata0l987bvYAX84_vdS&_nc_ht=scontent-atl3-1.xx&oh=00_AT9x22sO4yNhQmeA8XvsBmEzdiREZCQXJ5I_meBc0YGxfw&oe=61F8593E'],"['May be an image of 3 people, people skiing and text']",['https://scontent-atl3-1.xx.fbcdn.net/v/t39.30808-6/cp0/e15/q65/p320x320/272758381_10159972277774216_4645851767723588884_n.jpg?_nc_cat=109&ccb=1-5&_nc_sid=8024bb&efg=eyJpIjoidCJ9&_nc_ohc=ata0l987bvYAX84_vdS&_nc_ht=scontent-atl3-1.xx&oh=00_AT9DjUq5XH5QtLV43kadn9lxsPLgIWIfdezwRTcCeH1jmQ&oe=61F84C87'],"['May be an image of 3 people, people skiing and text']",,,,,,,,,,351,14,69,https://facebook.com/olympics/posts/10159972301549216,,"[{'link': '/hashtag/beijing2022?__tn__=%2As-R', 'text': '#Beijing2022'}, {'link': '/hashtag/strongertogether?__tn__=%2As-R', 'text': '#StrongerTogether'}]",209361989215,Olympics,https://facebook.com/olympics/?__tn__=C-R,False,,,,,,,True,,,,,,,209361989215,,10159972277779216,['10159972277779216'],False,
17,10159972085419216,"At the Olympic Games in Salt Lake City 2002, one of the most infamous races in speed skating history occurred. ‚õ∏Ô∏èüí®

Coming into the short track speed skating five-man final, Steven Bradbury was the rank outsider, and as the race progressed his chances looked slimmer with each passing lap.

But as the leading quartet rounded the final bend an ambitious overtaking maneuver caused a massive crash of all four leading skaters.

This left the way clear for a nonplussed Bradbury to cross the line unchallenged and claim one of the most unexpected of gold medals of all time. ü•á

Relive Bradbury's highlights in Salt Lake 2002 and the momentous moment he claimed the crown. üîÑ

Steven Bradbury | Australian Olympic Team","At the Olympic Games in Salt Lake City 2002, one of the most infamous races in speed skating history occurred. ‚õ∏Ô∏èüí®

Coming into the short track speed skating five-man final, Steven Bradbury was the rank outsider, and as the race progressed his chances looked slimmer with each passing lap.

But as the leading quartet rounded the final bend an ambitious overtaking maneuver caused a massive crash of all four leading skaters.

This left the way clear for a nonplussed Bradbury to cross the line unchallenged and claim one of the most unexpected of gold medals of all time. ü•á

Relive Bradbury's highlights in Salt Lake 2002 and the momentous moment he claimed the crown. üîÑ

Steven Bradbury | Australian Olympic Team",,2022-01-25 01:10:00,,,https://scontent-atl3-1.xx.fbcdn.net/v/t15.5256-10/cp0/e15/q65/s320x320/272652574_473835761081648_8226855479293620724_n.jpg?_nc_cat=110&ccb=1-5&_nc_sid=ccf8b3&efg=eyJpIjoidCJ9&_nc_ohc=YyY8e9cBUbIAX821rJg&_nc_ht=scontent-atl3-1.xx&oh=00_AT9Yvpmrk3LKfNcPxShMtPX27IdhodlRhqMSPX9UV7Uz8A&oe=61F7EF2E,[],[],['https://scontent-atl3-1.xx.fbcdn.net/v/t15.5256-10/cp0/e15/q65/s320x320/272652574_473835761081648_8226855479293620724_n.jpg?_nc_cat=110&ccb=1-5&_nc_sid=ccf8b3&efg=eyJpIjoidCJ9&_nc_ohc=YyY8e9cBUbIAX821rJg&_nc_ht=scontent-atl3-1.xx&oh=00_AT9Yvpmrk3LKfNcPxShMtPX27IdhodlRhqMSPX9UV7Uz8A&oe=61F7EF2E'],[None],https://video-atl3-1.xx.fbcdn.net/v/t42.1790-2/272628224_676447027102505_5194291645729806145_n.mp4?_nc_cat=102&ccb=1-5&_nc_sid=985c63&efg=eyJ2ZW5jb2RlX3RhZyI6InN2ZV9zZCJ9&_nc_ohc=zWArTncdzjgAX-O57nZ&_nc_rml=0&_nc_ht=video-atl3-1.xx&oh=00_AT8AiKaEG916N6500BkhvM6yvdGFLN3wJY1V7i7gX_UqBQ&oe=61F2A56E,,,473834784415079,,,https://scontent-atl3-1.xx.fbcdn.net/v/t15.5256-10/cp0/e15/q65/s320x320/272652574_473835761081648_8226855479293620724_n.jpg?_nc_cat=110&ccb=1-5&_nc_sid=ccf8b3&efg=eyJpIjoidCJ9&_nc_ohc=YyY8e9cBUbIAX821rJg&_nc_ht=scontent-atl3-1.xx&oh=00_AT9Yvpmrk3LKfNcPxShMtPX27IdhodlRhqMSPX9UV7Uz8A&oe=61F7EF2E,,,374,23,38,https://facebook.com/olympics/posts/10159972085419216,,"[{'link': '/story.php?story_fbid=10159972085419216&id=209361989215', 'text': 'More'}, {'link': '/stevenbradburyofficial?__tn__=%2As-R', 'text': 'Steven Bradbury'}, {'link': '/AUSOlympicTeam/?__tn__=%2As-R', 'text': 'Australian Olympic Team'}]",209361989215,Olympics,https://facebook.com/olympics/?__tn__=C-R,False,,,,,,,True,,,,,,"[{'name': 'Winter Olympics - Throwbacks', 'link': '/watch/209361989215/688807812110200/?__tn__=C-R'}]",209361989215,,,[],False,Olympics posted a video to playlist Winter Olympics - Throwbacks.
18,10159970770324216,"Cross country skiers give it their all to reach the finish line first, sometimes by just fractions of a second! üò∞ Will Norway sprint to gold for their third consecutive Winter Games victory? üá≥üá¥ü§î","Cross country skiers give it their all to reach the finish line first, sometimes by just fractions of a second! üò∞ Will Norway sprint to gold for their third consecutive Winter Games victory? üá≥üá¥ü§î",,2022-01-24 11:00:00,,,https://scontent-atl3-1.xx.fbcdn.net/v/t15.5256-10/cp0/e15/q65/s320x320/272695808_484855176578027_8041849280162737379_n.jpg?_nc_cat=109&ccb=1-5&_nc_sid=ccf8b3&efg=eyJpIjoidCJ9&_nc_ohc=2j-EjwnUHJAAX8aHw4A&_nc_ht=scontent-atl3-1.xx&oh=00_AT-9fUsmMPexiU0rkkrJDF7l4lZZVLYLuuOTc8pHfHvCLQ&oe=61F7F204,[],[],['https://scontent-atl3-1.xx.fbcdn.net/v/t15.5256-10/cp0/e15/q65/s320x320/272695808_484855176578027_8041849280162737379_n.jpg?_nc_cat=109&ccb=1-5&_nc_sid=ccf8b3&efg=eyJpIjoidCJ9&_nc_ohc=2j-EjwnUHJAAX8aHw4A&_nc_ht=scontent-atl3-1.xx&oh=00_AT-9fUsmMPexiU0rkkrJDF7l4lZZVLYLuuOTc8pHfHvCLQ&oe=61F7F204'],[None],https://video-atl3-1.xx.fbcdn.net/v/t42.1790-2/10000000_4875226362571784_8971252316742737457_n.mp4?_nc_cat=101&ccb=1-5&_nc_sid=985c63&efg=eyJ2ZW5jb2RlX3RhZyI6InN2ZV9zZCJ9&_nc_ohc=PMp-zaxIhtcAX_0DH3q&_nc_rml=0&_nc_ht=video-atl3-1.xx&oh=00_AT-FHpwAbmADMHh-RX59fuC9B_PbGrL6zBTEeOKlAO1aYg&oe=61F2A796,,,484851933245018,,,https://scontent-atl3-1.xx.fbcdn.net/v/t15.5256-10/cp0/e15/q65/s320x320/272695808_484855176578027_8041849280162737379_n.jpg?_nc_cat=109&ccb=1-5&_nc_sid=ccf8b3&efg=eyJpIjoidCJ9&_nc_ohc=2j-EjwnUHJAAX8aHw4A&_nc_ht=scontent-atl3-1.xx&oh=00_AT-9fUsmMPexiU0rkkrJDF7l4lZZVLYLuuOTc8pHfHvCLQ&oe=61F7F204,,,254,19,17,https://facebook.com/olympics/posts/10159970770324216,,[],209361989215,Olympics,https://facebook.com/olympics/?__tn__=C-R,False,,,,,,,True,,,,,,"[{'name': 'Winter Olympics - Last 5 Champions', 'link': '/watch/209361989215/634145087831436/?__tn__=C-R'}]",209361989215,,,[],False,Olympics posted a video to playlist Winter Olympics - Last 5 Champions.
19,10159970830839216,"Who can forget the moment when Michael Prufer won the gold going 229.299 km/h!? ‚õ∑Ô∏èüí®ü•á

The Frenchman won the men's Speed Skiing event at the Albertville 1992 Winter Olympic Games at lightning speed. ‚ö°","Who can forget the moment when Michael Prufer won the gold going 229.299 km/h!? ‚õ∑Ô∏èüí®ü•á

The Frenchman won the men's Speed Skiing event at the Albertville 1992 Winter Olympic Games at lightning speed. ‚ö°",,2022-01-24 09:00:00,,,https://scontent-atl3-1.xx.fbcdn.net/v/t15.5256-10/cp0/e15/q65/s320x320/272562241_1132808997548678_1482467322750329401_n.jpg?_nc_cat=107&ccb=1-5&_nc_sid=ccf8b3&efg=eyJpIjoidCJ9&_nc_ohc=TPu-3jSEIL4AX9YffdV&tn=HAfNp9Z89zzQBXop&_nc_ht=scontent-atl3-1.xx&oh=00_AT_nIlv-M69vEvo-Ynnmk78MYPgAxDGth0zzN2GRpYWgwQ&oe=61F807AF,[],[],['https://scontent-atl3-1.xx.fbcdn.net/v/t15.5256-10/cp0/e15/q65/s320x320/272562241_1132808997548678_1482467322750329401_n.jpg?_nc_cat=107&ccb=1-5&_nc_sid=ccf8b3&efg=eyJpIjoidCJ9&_nc_ohc=TPu-3jSEIL4AX9YffdV&tn=HAfNp9Z89zzQBXop&_nc_ht=scontent-atl3-1.xx&oh=00_AT_nIlv-M69vEvo-Ynnmk78MYPgAxDGth0zzN2GRpYWgwQ&oe=61F807AF'],[None],https://video-atl3-1.xx.fbcdn.net/v/t42.1790-2/10000000_609880250079587_5466028053787225447_n.mp4?_nc_cat=104&ccb=1-5&_nc_sid=985c63&efg=eyJ2ZW5jb2RlX3RhZyI6InN2ZV9zZCJ9&_nc_ohc=s5aP7weBQuIAX-z9jyP&_nc_rml=0&_nc_ht=video-atl3-1.xx&oh=00_AT-nthaj8qWTaa28L8ksy6AhhmY8ws99cPPO0dIOO1IMVw&oe=61F2A74F,,,1132802897549288,,,https://scontent-atl3-1.xx.fbcdn.net/v/t15.5256-10/cp0/e15/q65/s320x320/272562241_1132808997548678_1482467322750329401_n.jpg?_nc_cat=107&ccb=1-5&_nc_sid=ccf8b3&efg=eyJpIjoidCJ9&_nc_ohc=TPu-3jSEIL4AX9YffdV&tn=HAfNp9Z89zzQBXop&_nc_ht=scontent-atl3-1.xx&oh=00_AT_nIlv-M69vEvo-Ynnmk78MYPgAxDGth0zzN2GRpYWgwQ&oe=61F807AF,,,165,18,17,https://facebook.com/olympics/posts/10159970830839216,,[],209361989215,Olympics,https://facebook.com/olympics/?__tn__=C-R,False,,,,,,,True,,,,,,"[{'name': 'Winter Olympics - Throwbacks', 'link': '/watch/209361989215/688807812110200/?__tn__=C-R'}]",209361989215,,,[],False,Olympics posted a video to playlist Winter Olympics - Throwbacks.
20,10159970792554216,"At PyeongChang 2018, Olympic silver medallist Gus Kenworthy became one of the first openly gay athletes to compete for Team USA at a Winter Olympics.

Watch the freestyle skier's inspirational story, as he gets ready to compete at #Beijing2022 for Team GB

Gus Kenworthy I FIS Freestyle Skiing","At PyeongChang 2018, Olympic silver medallist Gus Kenworthy became one of the first openly gay athletes to compete for Team USA at a Winter Olympics.

Watch the freestyle skier's inspirational story, as he gets ready to compete at #Beijing2022 for Team GB

Gus Kenworthy I FIS Freestyle Skiing",,2022-01-24 08:00:00,,,https://scontent-atl3-1.xx.fbcdn.net/v/t15.5256-10/cp0/e15/q65/s320x320/272566266_1126810288138248_1095895698159494603_n.jpg?_nc_cat=110&ccb=1-5&_nc_sid=ccf8b3&efg=eyJpIjoidCJ9&_nc_ohc=t46rplt5bDAAX9FxOfA&_nc_ht=scontent-atl3-1.xx&oh=00_AT9Iq4nKZ1KWLgYSajj3VDCuAcExyY3-fCPgMKLwCwiMKQ&oe=61F824D8,[],[],['https://scontent-atl3-1.xx.fbcdn.net/v/t15.5256-10/cp0/e15/q65/s320x320/272566266_1126810288138248_1095895698159494603_n.jpg?_nc_cat=110&ccb=1-5&_nc_sid=ccf8b3&efg=eyJpIjoidCJ9&_nc_ohc=t46rplt5bDAAX9FxOfA&_nc_ht=scontent-atl3-1.xx&oh=00_AT9Iq4nKZ1KWLgYSajj3VDCuAcExyY3-fCPgMKLwCwiMKQ&oe=61F824D8'],[None],https://video-atl3-1.xx.fbcdn.net/v/t42.1790-2/10000000_1238944499965138_7616514923084914376_n.mp4?_nc_cat=101&ccb=1-5&_nc_sid=985c63&efg=eyJ2ZW5jb2RlX3RhZyI6InN2ZV9zZCJ9&_nc_ohc=iqb0I1sIS8oAX8n2wZN&_nc_rml=0&_nc_ht=video-atl3-1.xx&oh=00_AT9400Dfz-eS9OYE9K-C6UOqn-SGADWGaldMJbf7h9rNIQ&oe=61F2A4DB,,,1126744064811537,,,https://scontent-atl3-1.xx.fbcdn.net/v/t15.5256-10/cp0/e15/q65/s320x320/272566266_1126810288138248_1095895698159494603_n.jpg?_nc_cat=110&ccb=1-5&_nc_sid=ccf8b3&efg=eyJpIjoidCJ9&_nc_ohc=t46rplt5bDAAX9FxOfA&_nc_ht=scontent-atl3-1.xx&oh=00_AT9Iq4nKZ1KWLgYSajj3VDCuAcExyY3-fCPgMKLwCwiMKQ&oe=61F824D8,,,82,10,8,https://facebook.com/olympics/posts/10159970792554216,,"[{'link': '/hashtag/beijing2022?__tn__=%2As-R', 'text': '#Beijing2022'}, {'link': '/TeamGB/?__tn__=%2As-R', 'text': 'Team GB'}, {'link': '/guskenworthy?__tn__=%2As-R', 'text': 'Gus Kenworthy'}, {'link': '/fisfreestyle/?__tn__=%2As-R', 'text': 'FIS Freestyle Skiing'}]",209361989215,Olympics,https://facebook.com/olympics/?__tn__=C-R,False,,,,,,,True,,,,,,"[{'name': 'Winter Olympics - Original Series', 'link': '/watch/209361989215/616356442984540/?__tn__=C-R'}]",209361989215,,,[],False,Olympics posted a video to playlist Winter Olympics - Original Series.
21,10159970779104216,"How do five Scottish housewives take home an Olympic gold in curling?

By defining the word 'teamwork' and coming together for the win! A win that Great Britain hadn't seen in the sport since 1924, and that wasn't decided until the final stone, which was dubbed 'The Stone of Destiny.'

Relive the exciting women's curling gold medal game at Salt Lake 2002 where Great Britain beat Switzerland by one point!

British Curling | World Curling Federation | Team GB","How do five Scottish housewives take home an Olympic gold in curling?

By defining the word 'teamwork' and coming together for the win! A win that Great Britain hadn't seen in the sport since 1924, and that wasn't decided until the final stone, which was dubbed 'The Stone of Destiny.'

Relive the exciting women's curling gold medal game at Salt Lake 2002 where Great Britain beat Switzerland by one point!

British Curling | World Curling Federation | Team GB",,2022-01-24 07:00:00,,,https://scontent-atl3-1.xx.fbcdn.net/v/t15.5256-10/cp0/e15/q65/s320x320/271952968_1041455556411830_3680167314092717846_n.jpg?_nc_cat=103&ccb=1-5&_nc_sid=ccf8b3&efg=eyJpIjoidCJ9&_nc_ohc=ZCrMUFWsj-cAX9MdqPw&_nc_ht=scontent-atl3-1.xx&oh=00_AT-3uIiFlT9NANoi5Yv6fydGKk7Clb70kg_Ujnm2Sk3G5Q&oe=61F79799,[],[],['https://scontent-atl3-1.xx.fbcdn.net/v/t15.5256-10/cp0/e15/q65/s320x320/271952968_1041455556411830_3680167314092717846_n.jpg?_nc_cat=103&ccb=1-5&_nc_sid=ccf8b3&efg=eyJpIjoidCJ9&_nc_ohc=ZCrMUFWsj-cAX9MdqPw&_nc_ht=scontent-atl3-1.xx&oh=00_AT-3uIiFlT9NANoi5Yv6fydGKk7Clb70kg_Ujnm2Sk3G5Q&oe=61F79799'],[None],https://video-atl3-1.xx.fbcdn.net/v/t42.1790-2/272725517_991426308390739_2254478681562100226_n.mp4?_nc_cat=103&ccb=1-5&_nc_sid=985c63&efg=eyJ2ZW5jb2RlX3RhZyI6InN2ZV9zZCJ9&_nc_ohc=tgbeJ4c8QwkAX_OxxVI&_nc_oc=AQnmXOLMH1wbnpPxk4gUZzgkdDrdsTeWvpIGUnLZjqQoN8N8cv69ikj-fzTOABNMSEA&_nc_rml=0&_nc_ht=video-atl3-1.xx&oh=00_AT-jROma1nsolKbQOirLEcwc4_mLyNN3k7AJhHf8swzj5w&oe=61F2A643,,,1041446433079409,,,https://scontent-atl3-1.xx.fbcdn.net/v/t15.5256-10/cp0/e15/q65/s320x320/271952968_1041455556411830_3680167314092717846_n.jpg?_nc_cat=103&ccb=1-5&_nc_sid=ccf8b3&efg=eyJpIjoidCJ9&_nc_ohc=ZCrMUFWsj-cAX9MdqPw&_nc_ht=scontent-atl3-1.xx&oh=00_AT-3uIiFlT9NANoi5Yv6fydGKk7Clb70kg_Ujnm2Sk3G5Q&oe=61F79799,,,245,16,20,https://facebook.com/olympics/posts/10159970779104216,,"[{'link': '/story.php?story_fbid=10159970779104216&id=209361989215', 'text': 'More'}, {'link': '/britishcurling/?__tn__=%2As-R', 'text': 'British Curling'}, {'link': '/WorldCurlingFederation/?__tn__=%2As-R', 'text': 'World Curling Federation'}, {'link': '/TeamGB/?__tn__=%2As-R', 'text': 'Team GB'}]",209361989215,Olympics,https://facebook.com/olympics/?__tn__=C-R,False,,,,,,,True,,,,,,"[{'name': 'Winter Olympics - Throwbacks', 'link': '/watch/209361989215/688807812110200/?__tn__=C-R'}]",209361989215,,,[],False,Olympics posted a video to playlist Winter Olympics - Throwbacks.
22,10159970738569216,"Relive the moment when Alina Zagitova stunned the world at PyeongChang 2018. ‚õ∏Ô∏è

Aged just 15, her elegant and technically brilliant performance earned her a total of 239.57 points in her free program, just two points below the record, to win gold!

Who will we see be crowned Olympic champion in the women's singles at #Beijing2022?

ISU Figure Skating","Relive the moment when Alina Zagitova stunned the world at PyeongChang 2018. ‚õ∏Ô∏è

Aged just 15, her elegant and technically brilliant performance earned her a total of 239.57 points in her free program, just two points below the record, to win gold!

Who will we see be crowned Olympic champion in the women's singles at #Beijing2022?

ISU Figure Skating",,2022-01-24 05:50:00,,,https://scontent-atl3-1.xx.fbcdn.net/v/t15.13418-10/cp0/e15/q65/s320x320/272657213_723300085298943_3799821927110021577_n.jpg?_nc_cat=106&ccb=1-5&_nc_sid=ccf8b3&efg=eyJpIjoidCJ9&_nc_ohc=vcx5BHhFPIMAX8wQ00_&_nc_ht=scontent-atl3-1.xx&oh=00_AT9R8DnlLR_ooX5Oc1hVJTtZH4nE2zI1G2yQP8ly1wwzlQ&oe=61F72576,[],[],['https://scontent-atl3-1.xx.fbcdn.net/v/t15.13418-10/cp0/e15/q65/s320x320/272657213_723300085298943_3799821927110021577_n.jpg?_nc_cat=106&ccb=1-5&_nc_sid=ccf8b3&efg=eyJpIjoidCJ9&_nc_ohc=vcx5BHhFPIMAX8wQ00_&_nc_ht=scontent-atl3-1.xx&oh=00_AT9R8DnlLR_ooX5Oc1hVJTtZH4nE2zI1G2yQP8ly1wwzlQ&oe=61F72576'],[None],https://video-atl3-1.xx.fbcdn.net/v/t42.1790-2/10000000_321780429959428_4724020682506273824_n.mp4?_nc_cat=103&ccb=1-5&_nc_sid=985c63&efg=eyJ2ZW5jb2RlX3RhZyI6InN2ZV9zZCJ9&_nc_ohc=3Z-rXpCzmh4AX9pEOXF&_nc_rml=0&_nc_ht=video-atl3-1.xx&oh=00_AT_NhekcqcEh5lpSzjwQfof-tt2IpPmnDbaoI0P-jejybQ&oe=61F2A726,,,2286757971623194,,,https://scontent-atl3-1.xx.fbcdn.net/v/t15.13418-10/cp0/e15/q65/s320x320/272657213_723300085298943_3799821927110021577_n.jpg?_nc_cat=106&ccb=1-5&_nc_sid=ccf8b3&efg=eyJpIjoidCJ9&_nc_ohc=vcx5BHhFPIMAX8wQ00_&_nc_ht=scontent-atl3-1.xx&oh=00_AT9R8DnlLR_ooX5Oc1hVJTtZH4nE2zI1G2yQP8ly1wwzlQ&oe=61F72576,,,675,18,57,https://facebook.com/olympics/posts/10159970738569216,,"[{'link': '/profile.php?id=100044540105081&__tn__=%2As-R', 'text': 'Alina Zagitova'}, {'link': '/story.php?story_fbid=10159970738569216&id=209361989215', 'text': 'More'}, {'link': '/hashtag/beijing2022?__tn__=%2As-R', 'text': '#Beijing2022'}, {'link': '/isufigureskating/?__tn__=%2As-R', 'text': 'ISU Figure Skating'}]",209361989215,Olympics,https://facebook.com/olympics/?__tn__=C-R,False,,,,,,,True,,,,,,"[{'name': 'Winter Olympics - Figure Skating Replays', 'link': '/watch/209361989215/357376929140748/?__tn__=C-R'}]",209361989215,,,[],False,Olympics posted a video to playlist Winter Olympics - Figure Skating Replays.
23,10159970543334216,"""Whatever happens, he's going to give his maximum. That's his type.""

Olympic silver medallist St√©phane Lambiel is now coach to another runner-up, Uno Shoma, and thinks his charge's 2018 experience will only help him at #Beijing2022.

ISU Figure Skating | Team JAPAN","""Whatever happens, he's going to give his maximum. That's his type.""

Olympic silver medallist St√©phane Lambiel is now coach to another runner-up, Uno Shoma, and thinks his charge's 2018 experience will only help him at #Beijing2022.

ISU Figure Skating | Team JAPAN",,2022-01-24 02:44:00,,,https://scontent-atl3-1.xx.fbcdn.net/v/t15.5256-10/cp0/e15/q65/s320x320/271942618_931285284422339_8737216100451066648_n.jpg?_nc_cat=107&ccb=1-5&_nc_sid=ccf8b3&efg=eyJpIjoidCJ9&_nc_ohc=C0mZtWTqwLkAX_ryzN4&_nc_ht=scontent-atl3-1.xx&oh=00_AT96BSFDCmifMw0mKXa4qg1hyRwmkg8ENtsYqaxyZi3HZQ&oe=61F70D07,[],[],['https://scontent-atl3-1.xx.fbcdn.net/v/t15.5256-10/cp0/e15/q65/s320x320/271942618_931285284422339_8737216100451066648_n.jpg?_nc_cat=107&ccb=1-5&_nc_sid=ccf8b3&efg=eyJpIjoidCJ9&_nc_ohc=C0mZtWTqwLkAX_ryzN4&_nc_ht=scontent-atl3-1.xx&oh=00_AT96BSFDCmifMw0mKXa4qg1hyRwmkg8ENtsYqaxyZi3HZQ&oe=61F70D07'],[None],https://video-atl3-1.xx.fbcdn.net/v/t42.1790-2/272241553_240134311606850_2806225000705151493_n.mp4?_nc_cat=107&ccb=1-5&_nc_sid=985c63&efg=eyJ2ZW5jb2RlX3RhZyI6InN2ZV9zZCJ9&_nc_ohc=sMDUVc22y4UAX98uH-c&tn=HAfNp9Z89zzQBXop&_nc_rml=0&_nc_ht=video-atl3-1.xx&oh=00_AT9DC30JrDzDLIisgZ6Jmh-8HwdsIDqfuyFe-lGXfKgv5A&oe=61F2A0DA,,,931282171089317,,,https://scontent-atl3-1.xx.fbcdn.net/v/t15.5256-10/cp0/e15/q65/s320x320/271942618_931285284422339_8737216100451066648_n.jpg?_nc_cat=107&ccb=1-5&_nc_sid=ccf8b3&efg=eyJpIjoidCJ9&_nc_ohc=C0mZtWTqwLkAX_ryzN4&_nc_ht=scontent-atl3-1.xx&oh=00_AT96BSFDCmifMw0mKXa4qg1hyRwmkg8ENtsYqaxyZi3HZQ&oe=61F70D07,,,300,7,34,https://facebook.com/olympics/posts/10159970543334216,,"[{'link': '/StephaneLambiel?__tn__=%2As-R', 'text': 'St√©phane Lambiel'}, {'link': '/hashtag/beijing2022?__tn__=%2As-R', 'text': '#Beijing2022'}, {'link': '/isufigureskating/?__tn__=%2As-R', 'text': 'ISU Figure Skating'}, {'link': '/JapanOlympicTeam?__tn__=%2As-R', 'text': 'Team JAPAN'}]",209361989215,Olympics,https://facebook.com/olympics/?__tn__=C-R,False,,,,,,,True,,,,,,"[{'name': 'Why the Winter Olympics are Awesome', 'link': '/watch/209361989215/640858280670039/?__tn__=C-R'}]",209361989215,,,[],False,Olympics posted a video to playlist Why the Winter Olympics are Awesome.
24,10159967370224216,"Growing up in tough circumstances in Eastern Germany, Francesco Friedrich developed a fighting spirit which stays with him to this day.

Will Beijing 2022 bring more Olympic glory for this German bobsledder?

Watch his story now!","Growing up in tough circumstances in Eastern Germany, Francesco Friedrich developed a fighting spirit which stays with him to this day.

Will Beijing 2022 bring more Olympic glory for this German bobsledder?

Watch his story now!",,2022-01-22 06:26:00,,,https://scontent-atl3-1.xx.fbcdn.net/v/t15.5256-10/cp0/e15/q65/s320x320/272383387_1172251513179069_1914347636462853613_n.jpg?_nc_cat=101&ccb=1-5&_nc_sid=ccf8b3&efg=eyJpIjoidCJ9&_nc_ohc=ivMB8l0alasAX8A8BRY&_nc_ht=scontent-atl3-1.xx&oh=00_AT9Nfo3YCf5mFTYsuuOzl4n_YfkoAPJg_NE5IWATsjYuDA&oe=61F72208,[],[],['https://scontent-atl3-1.xx.fbcdn.net/v/t15.5256-10/cp0/e15/q65/s320x320/272383387_1172251513179069_1914347636462853613_n.jpg?_nc_cat=101&ccb=1-5&_nc_sid=ccf8b3&efg=eyJpIjoidCJ9&_nc_ohc=ivMB8l0alasAX8A8BRY&_nc_ht=scontent-atl3-1.xx&oh=00_AT9Nfo3YCf5mFTYsuuOzl4n_YfkoAPJg_NE5IWATsjYuDA&oe=61F72208'],[None],https://video-atl3-1.xx.fbcdn.net/v/t42.1790-2/10000000_272277048329063_1284356171785213622_n.mp4?_nc_cat=100&ccb=1-5&_nc_sid=985c63&efg=eyJ2ZW5jb2RlX3RhZyI6InN2ZV9zZCJ9&_nc_ohc=3IAo5tfCry8AX-8xf35&_nc_rml=0&_nc_ht=video-atl3-1.xx&oh=00_AT9nq0wA7i9mTiA5rm1fzhjGN0S0lZME6zT_RWC-QpvDCw&oe=61F2A98A,,,1172243189846568,,,https://scontent-atl3-1.xx.fbcdn.net/v/t15.5256-10/cp0/e15/q65/s320x320/272383387_1172251513179069_1914347636462853613_n.jpg?_nc_cat=101&ccb=1-5&_nc_sid=ccf8b3&efg=eyJpIjoidCJ9&_nc_ohc=ivMB8l0alasAX8A8BRY&_nc_ht=scontent-atl3-1.xx&oh=00_AT9Nfo3YCf5mFTYsuuOzl4n_YfkoAPJg_NE5IWATsjYuDA&oe=61F72208,,,266,25,39,https://facebook.com/olympics/posts/10159967370224216,,"[{'link': '/beijing2022/?__tn__=%2As-R', 'text': 'Beijing 2022'}]",209361989215,Olympics,https://facebook.com/olympics/?__tn__=C-R,False,,,,,,,True,,,,,,"[{'name': 'Winter Olympics - Original Series', 'link': '/watch/209361989215/616356442984540/?__tn__=C-R'}]",209361989215,,,[],False,Olympics posted a video to playlist Winter Olympics - Original Series.
25,10159967288604216,"Sochi 2014: ü•â
PyeongChang 2018: ü•âü•à
Beijing 2022: ‚ùì

Whatever happens in China, Alexis Pinturault üá´üá∑ believes that what really matters is enjoying the Olympic experience.

F√©d√©ration Fran√ßaise de Ski - FFS FIS Alpine World Cup Tour","Sochi 2014: ü•â
PyeongChang 2018: ü•âü•à
Beijing 2022: ‚ùì

Whatever happens in China, Alexis Pinturault üá´üá∑ believes that what really matters is enjoying the Olympic experience.

F√©d√©ration Fran√ßaise de Ski - FFS FIS Alpine World Cup Tour",,2022-01-22 06:00:00,,,https://scontent-atl3-1.xx.fbcdn.net/v/t15.5256-10/cp0/e15/q65/s320x320/272327438_463437325395288_5631456455391665770_n.jpg?_nc_cat=103&ccb=1-5&_nc_sid=ccf8b3&efg=eyJpIjoidCJ9&_nc_ohc=VS2R5CaXC9gAX_W4Aix&_nc_ht=scontent-atl3-1.xx&oh=00_AT8F-Ap-J4ZBb1j-2UvZLVgKnDUZ_liZ5daAeyAYr4LVcA&oe=61F7B9A4,[],[],['https://scontent-atl3-1.xx.fbcdn.net/v/t15.5256-10/cp0/e15/q65/s320x320/272327438_463437325395288_5631456455391665770_n.jpg?_nc_cat=103&ccb=1-5&_nc_sid=ccf8b3&efg=eyJpIjoidCJ9&_nc_ohc=VS2R5CaXC9gAX_W4Aix&_nc_ht=scontent-atl3-1.xx&oh=00_AT8F-Ap-J4ZBb1j-2UvZLVgKnDUZ_liZ5daAeyAYr4LVcA&oe=61F7B9A4'],[None],https://video-atl3-1.xx.fbcdn.net/v/t42.1790-2/272144523_1347460195714015_542012196171673385_n.mp4?_nc_cat=110&ccb=1-5&_nc_sid=985c63&efg=eyJ2ZW5jb2RlX3RhZyI6InN2ZV9zZCJ9&_nc_ohc=OHHYxWXM5jUAX8V-tru&_nc_rml=0&_nc_ht=video-atl3-1.xx&oh=00_AT_GmcqCg7Vg0TxA6fgFXoEFcBUbO06dyTC6jrHMRoq0_Q&oe=61F2A112,,,463435618728792,,,https://scontent-atl3-1.xx.fbcdn.net/v/t15.5256-10/cp0/e15/q65/s320x320/272327438_463437325395288_5631456455391665770_n.jpg?_nc_cat=103&ccb=1-5&_nc_sid=ccf8b3&efg=eyJpIjoidCJ9&_nc_ohc=VS2R5CaXC9gAX_W4Aix&_nc_ht=scontent-atl3-1.xx&oh=00_AT8F-Ap-J4ZBb1j-2UvZLVgKnDUZ_liZ5daAeyAYr4LVcA&oe=61F7B9A4,,,169,15,9,https://facebook.com/olympics/posts/10159967288604216,,"[{'link': '/alexispinturault?__tn__=%2As-R', 'text': 'Alexis Pinturault'}, {'link': '/FederationFrancaiseDeSki/?__tn__=%2As-R', 'text': 'F√©d√©ration Fran√ßaise de Ski - FFS'}, {'link': '/fisalpine/?__tn__=%2As-R', 'text': 'FIS Alpine World Cup Tour'}]",209361989215,Olympics,https://facebook.com/olympics/?__tn__=C-R,False,,,,,,,True,,,,,,"[{'name': 'Why the Winter Olympics are Awesome', 'link': '/watch/209361989215/640858280670039/?__tn__=C-R'}]",209361989215,,,[],False,Olympics posted a video to playlist Why the Winter Olympics are Awesome.
26,10159965823654216,"One of them is a double Olympic Champion, the other is an international pop star - but they have more in common than you might think!‚Å†
‚Å†
Find out what happens when two worlds collide in our latest original series, 'From the Top'!

Watch the first episode now: https://oly.ch/3GSv8uv

Tinashe USA Track & Field","One of them is a double Olympic Champion, the other is an international pop star - but they have more in common than you might think!‚Å†
‚Å†
Find out what happens when two worlds collide in our latest original series, 'From the Top'!

Watch the first episode now: https://oly.ch/3GSv8uv

Tinashe USA Track & Field",,2022-01-21 13:30:00,,,https://scontent-atl3-1.xx.fbcdn.net/v/t15.5256-10/cp0/e15/q65/s320x320/271478979_793300788727300_566374634790716759_n.jpg?_nc_cat=109&ccb=1-5&_nc_sid=ccf8b3&efg=eyJpIjoidCJ9&_nc_ohc=AnjhYwJBwcAAX9bllc8&_nc_oc=AQnEIeJjz-dSlQmWpaW5FQFN1LWQ_v0tIyYHWUDPcFyKSc8gh4_0aMOHxf7_a7YWHko&tn=HAfNp9Z89zzQBXop&_nc_ht=scontent-atl3-1.xx&oh=00_AT-MJe-TFOkz05W-Kn1wuRQj8gC3Ipbw-eJ876BS8JquUA&oe=61F6FE44,[],[],['https://scontent-atl3-1.xx.fbcdn.net/v/t15.5256-10/cp0/e15/q65/s320x320/271478979_793300788727300_566374634790716759_n.jpg?_nc_cat=109&ccb=1-5&_nc_sid=ccf8b3&efg=eyJpIjoidCJ9&_nc_ohc=AnjhYwJBwcAAX9bllc8&_nc_oc=AQnEIeJjz-dSlQmWpaW5FQFN1LWQ_v0tIyYHWUDPcFyKSc8gh4_0aMOHxf7_a7YWHko&tn=HAfNp9Z89zzQBXop&_nc_ht=scontent-atl3-1.xx&oh=00_AT-MJe-TFOkz05W-Kn1wuRQj8gC3Ipbw-eJ876BS8JquUA&oe=61F6FE44'],[None],https://video-atl3-1.xx.fbcdn.net/v/t42.1790-2/272270702_3060885344176488_1990027191296902882_n.mp4?_nc_cat=110&ccb=1-5&_nc_sid=985c63&efg=eyJ2ZW5jb2RlX3RhZyI6InN2ZV9zZCJ9&_nc_ohc=EIm8vFP9mpEAX-7ilZx&_nc_rml=0&_nc_ht=video-atl3-1.xx&oh=00_AT-VlQsUS3D3Rwo1PdsDQ-JAusr77jJTz9RqR3qZLtAB5g&oe=61F29FFD,,,793293412061371,,,https://scontent-atl3-1.xx.fbcdn.net/v/t15.5256-10/cp0/e15/q65/s320x320/271478979_793300788727300_566374634790716759_n.jpg?_nc_cat=109&ccb=1-5&_nc_sid=ccf8b3&efg=eyJpIjoidCJ9&_nc_ohc=AnjhYwJBwcAAX9bllc8&_nc_oc=AQnEIeJjz-dSlQmWpaW5FQFN1LWQ_v0tIyYHWUDPcFyKSc8gh4_0aMOHxf7_a7YWHko&tn=HAfNp9Z89zzQBXop&_nc_ht=scontent-atl3-1.xx&oh=00_AT-MJe-TFOkz05W-Kn1wuRQj8gC3Ipbw-eJ876BS8JquUA&oe=61F6FE44,,,341,16,44,https://facebook.com/olympics/posts/10159965823654216,https://oly.ch/3GSv8uv?fbclid=IwAR2JwB7sD6ZsnaKQJAIUKidsz-7o6yI41YwW_WaXxS3e7w-DgJt4zy8FGr0,"[{'link': 'https://lm.facebook.com/l.php?u=https%3A%2F%2Foly.ch%2F3GSv8uv%3Ffbclid%3DIwAR2JwB7sD6ZsnaKQJAIUKidsz-7o6yI41YwW_WaXxS3e7w-DgJt4zy8FGr0&h=AT1_MZuDf_w_ULSECEoWsS5Nn0bxbMLRgjLER2ojoZtjzwNVeMaS9vdi5nt-tuJqWw55CWAXtDAEGXBKKV-jcVgcQYkKhQc_SVL7oiJ-uJqtaKaoVoNMpoEj5Vs-dKV6Sg-5LSBmktygT_RH-D0ovym8DQ', 'text': 'https://oly.ch/3GSv8uv'}, {'link': '/OfficialTinashe?__tn__=%2As-R', 'text': 'Tinashe'}, {'link': '/USATF/?__tn__=%2As-R', 'text': 'USA Track & Field'}]",209361989215,Olympics,https://facebook.com/olympics/?__tn__=C-R,False,,,,,,,True,,,,,,,209361989215,,,[],False,
27,10159965641399216,"She was an alpine skiing icon of the 90‚Äôs. She also had a secret.

The first career-spanning film about Picabo Street is out now! Co-directed by Lindsey Vonn.

Watch 'Picabo' now: https://oly.ch/3An22RO

Team USA | U.S. Ski & Snowboard Team | FIS Alpine World Cup Tour

(Available on Peacock TV for U.S. viewers.)","She was an alpine skiing icon of the 90‚Äôs. She also had a secret.

The first career-spanning film about Picabo Street is out now! Co-directed by Lindsey Vonn.

Watch 'Picabo' now: https://oly.ch/3An22RO

Team USA | U.S. Ski & Snowboard Team | FIS Alpine World Cup Tour

(Available on Peacock TV for U.S. viewers.)",,2022-01-21 11:00:00,,https://scontent-atl3-1.xx.fbcdn.net/v/t39.30808-6/fr/cp0/e15/q65/272308728_10159965641394216_4040401384190312780_n.jpg?_nc_cat=101&ccb=1-5&_nc_sid=2d5d41&efg=eyJpIjoidCJ9&_nc_ohc=_l-ASWMD7f0AX94W7IU&_nc_ht=scontent-atl3-1.xx&oh=00_AT_dBU-mAoVYS34RLajdOOlGx1nrk-ZQwZEM6bgCu7uRKg&oe=61F7651C,https://scontent-atl3-1.xx.fbcdn.net/v/t39.30808-6/cp0/e15/q65/p320x320/272308728_10159965641394216_4040401384190312780_n.jpg?_nc_cat=101&ccb=1-5&_nc_sid=2d5d41&efg=eyJpIjoidCJ9&_nc_ohc=_l-ASWMD7f0AX94W7IU&_nc_ht=scontent-atl3-1.xx&oh=00_AT_3MCWi-tRZNTBpBkXcXePPkwgENuin4_xMTd6U3DqDJg&oe=61F73561,['https://scontent-atl3-1.xx.fbcdn.net/v/t39.30808-6/fr/cp0/e15/q65/272308728_10159965641394216_4040401384190312780_n.jpg?_nc_cat=101&ccb=1-5&_nc_sid=2d5d41&efg=eyJpIjoidCJ9&_nc_ohc=_l-ASWMD7f0AX94W7IU&_nc_ht=scontent-atl3-1.xx&oh=00_AT_dBU-mAoVYS34RLajdOOlGx1nrk-ZQwZEM6bgCu7uRKg&oe=61F7651C'],"['May be an image of 1 person, standing and text']",['https://scontent-atl3-1.xx.fbcdn.net/v/t39.30808-6/cp0/e15/q65/p320x320/272308728_10159965641394216_4040401384190312780_n.jpg?_nc_cat=101&ccb=1-5&_nc_sid=2d5d41&efg=eyJpIjoidCJ9&_nc_ohc=_l-ASWMD7f0AX94W7IU&_nc_ht=scontent-atl3-1.xx&oh=00_AT_3MCWi-tRZNTBpBkXcXePPkwgENuin4_xMTd6U3DqDJg&oe=61F73561'],"['May be an image of 1 person, standing and text']",,,,,,,,,,342,23,16,https://facebook.com/olympics/posts/10159965641399216,https://oly.ch/3An22RO?fbclid=IwAR1xFaES7UY88fc8ASRzY72oRjO6MxA-She_HCD6L3HDhFaxIj78P9_kXcQ,"[{'link': '/LindseyVonnUSA?__tn__=%2As-R', 'text': 'Lindsey Vonn'}, {'link': 'https://lm.facebook.com/l.php?u=https%3A%2F%2Foly.ch%2F3An22RO%3Ffbclid%3DIwAR1xFaES7UY88fc8ASRzY72oRjO6MxA-She_HCD6L3HDhFaxIj78P9_kXcQ&h=AT2qOtSDI-L6HYzBWC6qWxbW1p5LbFSd0G4DoC04sAzxRXvmvLSl0ltCrI60e76xe3DkCIi4ss_TGGaTAG9-JWYEqWRxx5ISM1jVYHjaxPhitqfpA3mHLgAo4mgCsCogARW1l8f-wXZLAkp1tbltKwL1mv1B0aPo884DLBU', 'text': 'https://oly.ch/3An22RO'}, {'link': '/TeamUSA/?__tn__=%2As-R', 'text': 'Team USA'}, {'link': '/usskiandsnowboard/?__tn__=%2As-R', 'text': 'U.S. Ski & Snowboard Team'}, {'link': '/fisalpine/?__tn__=%2As-R', 'text': 'FIS Alpine World Cup Tour'}, {'link': '/PeacockTV/?__tn__=%2As-R', 'text': 'Peacock TV'}]",209361989215,Olympics,https://facebook.com/olympics/?__tn__=C-R,False,,,,,,,True,,,,,,,209361989215,,10159965641399216,['10159965641399216'],False,
28,10159965642164216,"Picabo Street took the alpine skiing world by storm. But the success and bravado hid a more complicated life.

Co-directed by Lindsey Vonn, 'Picabo' is out now.

Watch the full film here: https://oly.ch/3GOQvgs

Team USA | U.S. Ski & Snowboard Team | FIS Alpine World Cup Tour

(Available on Peacock TV for U.S. viewers.)","Picabo Street took the alpine skiing world by storm. But the success and bravado hid a more complicated life.

Co-directed by Lindsey Vonn, 'Picabo' is out now.

Watch the full film here: https://oly.ch/3GOQvgs

Team USA | U.S. Ski & Snowboard Team | FIS Alpine World Cup Tour

(Available on Peacock TV for U.S. viewers.)",,2022-01-21 08:00:00,,,https://scontent-atl3-1.xx.fbcdn.net/v/t15.5256-10/cp0/e15/q65/p320x320/272241803_728835041854313_792377011101363839_n.jpg?_nc_cat=105&ccb=1-5&_nc_sid=ccf8b3&efg=eyJpIjoidCJ9&_nc_ohc=p67RHgitcU4AX8KPnIp&_nc_ht=scontent-atl3-1.xx&oh=00_AT9MbrXIcBtmAekGyha4B_iQw_QHtOJ5CDxkAzofhP0zbg&oe=61F7424F,[],[],['https://scontent-atl3-1.xx.fbcdn.net/v/t15.5256-10/cp0/e15/q65/p320x320/272241803_728835041854313_792377011101363839_n.jpg?_nc_cat=105&ccb=1-5&_nc_sid=ccf8b3&efg=eyJpIjoidCJ9&_nc_ohc=p67RHgitcU4AX8KPnIp&_nc_ht=scontent-atl3-1.xx&oh=00_AT9MbrXIcBtmAekGyha4B_iQw_QHtOJ5CDxkAzofhP0zbg&oe=61F7424F'],[None],https://video-atl3-1.xx.fbcdn.net/v/t42.1790-2/272085799_1006505906612667_2645643968087539009_n.mp4?_nc_cat=107&ccb=1-5&_nc_sid=985c63&efg=eyJ2ZW5jb2RlX3RhZyI6InN2ZV9zZCJ9&_nc_ohc=5pQ4NhiQYkcAX8A1HVo&_nc_rml=0&_nc_ht=video-atl3-1.xx&oh=00_AT_fXZy8vQou_T0EzyKjDvcs3YpiwAJ7zWz4-xLMRlT96w&oe=61F2A37E,,,728834121854405,,,https://scontent-atl3-1.xx.fbcdn.net/v/t15.5256-10/cp0/e15/q65/p320x320/272241803_728835041854313_792377011101363839_n.jpg?_nc_cat=105&ccb=1-5&_nc_sid=ccf8b3&efg=eyJpIjoidCJ9&_nc_ohc=p67RHgitcU4AX8KPnIp&_nc_ht=scontent-atl3-1.xx&oh=00_AT9MbrXIcBtmAekGyha4B_iQw_QHtOJ5CDxkAzofhP0zbg&oe=61F7424F,,,312,12,33,https://facebook.com/olympics/posts/10159965642164216,https://oly.ch/3GOQvgs?fbclid=IwAR0XndnWnX9v4fF5fkmeo-CAwGYnpQ1__btQukIRVffgn2wYmeo_UJWdBtQ,"[{'link': '/LindseyVonnUSA?__tn__=%2As-R', 'text': 'Lindsey Vonn'}, {'link': 'https://lm.facebook.com/l.php?u=https%3A%2F%2Foly.ch%2F3GOQvgs%3Ffbclid%3DIwAR0XndnWnX9v4fF5fkmeo-CAwGYnpQ1__btQukIRVffgn2wYmeo_UJWdBtQ&h=AT2nlANvvI4N4kJjJ5Bt3s6o-IL5O-Iee8GLm3njl4dEkZMynUCFKpr33hCLSnhlhSvmk2unUhqJGd4WrJRv7CS-RYzFuZ_FqVJ_7G8_YrXnHMvrlubsIgXGg_5TNdeV6vCzqOkecf345DK-2ObR7ui9mQ', 'text': 'https://oly.ch/3GOQvgs'}, {'link': '/TeamUSA/?__tn__=%2As-R', 'text': 'Team USA'}, {'link': '/usskiandsnowboard/?__tn__=%2As-R', 'text': 'U.S. Ski & Snowboard Team'}, {'link': '/fisalpine/?__tn__=%2As-R', 'text': 'FIS Alpine World Cup Tour'}, {'link': '/PeacockTV/?__tn__=%2As-R', 'text': 'Peacock TV'}]",209361989215,Olympics,https://facebook.com/olympics/?__tn__=C-R,False,,,,,,,True,,,,,,,209361989215,,,[],False,
29,10159965442009216,"""I like her as a person more than anything else.""

üá≥üá¥ Aleksander Aamodt Kilde opens up on why sharing experiences with fellow ski star Mikaela Shiffrin helps them ""make each other better"".","""I like her as a person more than anything else.""

üá≥üá¥ Aleksander Aamodt Kilde opens up on why sharing experiences with fellow ski star Mikaela Shiffrin helps them ""make each other better"".",,2022-01-21 04:37:00,,,https://scontent-atl3-1.xx.fbcdn.net/v/t15.5256-10/cp0/e15/q65/s320x320/272265077_685734665778851_5670929617214022465_n.jpg?_nc_cat=104&ccb=1-5&_nc_sid=ccf8b3&efg=eyJpIjoidCJ9&_nc_ohc=0UIYaec7zhYAX9oA3gf&_nc_ht=scontent-atl3-1.xx&oh=00_AT9uofxFsVMc3uL2x0s8HgazjOsBbRugDx_-LVZ_9HYOVA&oe=61F7186A,[],[],['https://scontent-atl3-1.xx.fbcdn.net/v/t15.5256-10/cp0/e15/q65/s320x320/272265077_685734665778851_5670929617214022465_n.jpg?_nc_cat=104&ccb=1-5&_nc_sid=ccf8b3&efg=eyJpIjoidCJ9&_nc_ohc=0UIYaec7zhYAX9oA3gf&_nc_ht=scontent-atl3-1.xx&oh=00_AT9uofxFsVMc3uL2x0s8HgazjOsBbRugDx_-LVZ_9HYOVA&oe=61F7186A'],[None],https://video-atl3-1.xx.fbcdn.net/v/t42.1790-2/272178583_221692906846902_7931466607007588204_n.mp4?_nc_cat=109&ccb=1-5&_nc_sid=985c63&efg=eyJ2ZW5jb2RlX3RhZyI6InN2ZV9zZCJ9&_nc_ohc=DJDOnQ3443gAX9uBcTG&_nc_oc=AQmbNHHdZZnw3oz4Awjt01gYpW8jBEbUcayEQeAl5UU3Kv153BbprU8HJPHr255DMm8&_nc_rml=0&_nc_ht=video-atl3-1.xx&oh=00_AT-7lEYmohbp_4y71xnVjus_X5wvO2or2U-USGrHq7J5tg&oe=61F2A6A7,,,685733769112274,,,https://scontent-atl3-1.xx.fbcdn.net/v/t15.5256-10/cp0/e15/q65/s320x320/272265077_685734665778851_5670929617214022465_n.jpg?_nc_cat=104&ccb=1-5&_nc_sid=ccf8b3&efg=eyJpIjoidCJ9&_nc_ohc=0UIYaec7zhYAX9oA3gf&_nc_ht=scontent-atl3-1.xx&oh=00_AT9uofxFsVMc3uL2x0s8HgazjOsBbRugDx_-LVZ_9HYOVA&oe=61F7186A,,,131,8,10,https://facebook.com/olympics/posts/10159965442009216,,"[{'link': '/aleksanderkilde?__tn__=%2As-R', 'text': 'Aleksander Aamodt Kilde'}, {'link': '/MikaelaShiffrin?__tn__=%2As-R', 'text': 'Mikaela Shiffrin'}]",209361989215,Olympics,https://facebook.com/olympics/?__tn__=C-R,False,,,,,,,True,,,,,,"[{'name': 'Why the Winter Olympics are Awesome', 'link': '/watch/209361989215/640858280670039/?__tn__=C-R'}]",209361989215,,,[],False,Olympics posted a video to playlist Why the Winter Olympics are Awesome.
30,10159964147289216,"‚ù§Ô∏è Brotherly love ‚ù§Ô∏è‚Å†
‚Å†
The story of two-time Olympian Lucas Eguibar and his brother Nico: ""We encouraged each other!"" üí™‚Å†
‚Å†
Lucas is competing at his third Olympics at #Beijing2022 and his No.1 fan Nico will be there to support him from home all along the way!‚Å†
‚Å†
#StrongerTogether ‚Å†
FIS Snowboarding Comit√© Ol√≠mpico Espa√±ol (COE)","‚ù§Ô∏è Brotherly love ‚ù§Ô∏è‚Å†
‚Å†
The story of two-time Olympian Lucas Eguibar and his brother Nico: ""We encouraged each other!"" üí™‚Å†
‚Å†
Lucas is competing at his third Olympics at #Beijing2022 and his No.1 fan Nico will be there to support him from home all along the way!‚Å†
‚Å†
#StrongerTogether ‚Å†
FIS Snowboarding Comit√© Ol√≠mpico Espa√±ol (COE)",,2022-01-20 10:32:00,,,https://scontent-atl3-1.xx.fbcdn.net/v/t15.5256-10/cp0/e15/q65/s320x320/272189867_667699260931966_737396597612603826_n.jpg?_nc_cat=110&ccb=1-5&_nc_sid=ccf8b3&efg=eyJpIjoidCJ9&_nc_ohc=evaxQfybnTIAX90oQCk&tn=HAfNp9Z89zzQBXop&_nc_ht=scontent-atl3-1.xx&oh=00_AT-LApj0zL2UJxVe08zxHm3jQNQQ74Q4hJWyaJu24fbbgw&oe=61F7C0A5,[],[],['https://scontent-atl3-1.xx.fbcdn.net/v/t15.5256-10/cp0/e15/q65/s320x320/272189867_667699260931966_737396597612603826_n.jpg?_nc_cat=110&ccb=1-5&_nc_sid=ccf8b3&efg=eyJpIjoidCJ9&_nc_ohc=evaxQfybnTIAX90oQCk&tn=HAfNp9Z89zzQBXop&_nc_ht=scontent-atl3-1.xx&oh=00_AT-LApj0zL2UJxVe08zxHm3jQNQQ74Q4hJWyaJu24fbbgw&oe=61F7C0A5'],[None],https://video-atl3-1.xx.fbcdn.net/v/t42.1790-2/272071621_4922249817797352_2326967093934017050_n.mp4?_nc_cat=109&ccb=1-5&_nc_sid=985c63&efg=eyJ2ZW5jb2RlX3RhZyI6InN2ZV9zZCJ9&_nc_ohc=fYBEaxM7ky4AX-lN4eS&tn=HAfNp9Z89zzQBXop&_nc_rml=0&_nc_ht=video-atl3-1.xx&oh=00_AT9Oki9ePDB6pENLSxYEKEhxbP3gzj5JQtsdomus9ZFqDw&oe=61F2A03B,,,667698070932085,,,https://scontent-atl3-1.xx.fbcdn.net/v/t15.5256-10/cp0/e15/q65/s320x320/272189867_667699260931966_737396597612603826_n.jpg?_nc_cat=110&ccb=1-5&_nc_sid=ccf8b3&efg=eyJpIjoidCJ9&_nc_ohc=evaxQfybnTIAX90oQCk&tn=HAfNp9Z89zzQBXop&_nc_ht=scontent-atl3-1.xx&oh=00_AT-LApj0zL2UJxVe08zxHm3jQNQQ74Q4hJWyaJu24fbbgw&oe=61F7C0A5,,,230,9,14,https://facebook.com/olympics/posts/10159964147289216,,"[{'link': '/hashtag/beijing2022?__tn__=%2As-R', 'text': '#Beijing2022'}, {'link': '/hashtag/strongertogether?__tn__=%2As-R', 'text': '#StrongerTogether'}, {'link': '/fissnowboard/?__tn__=%2As-R', 'text': 'FIS Snowboarding'}, {'link': '/ComiteOlimpico/?__tn__=%2As-R', 'text': 'Comit√© Ol√≠mpico Espa√±ol (COE)'}]",209361989215,Olympics,https://facebook.com/olympics/?__tn__=C-R,False,,,,,,,True,,,,,,"[{'name': 'Why the Winter Olympics are Awesome', 'link': '/watch/209361989215/640858280670039/?__tn__=C-R'}]",209361989215,,,[],False,Olympics posted a video to playlist Why the Winter Olympics are Awesome.
31,10159963977244216,"From having to train in a shopping mall ice rink to the Olympics!

In a country with barely any Olympic size ice rinks, and against all obstacles, Donovan Carrillo will be the first figure skater from Mexico in 30 years.

Don't miss episode 5 of Winter Tracks.","From having to train in a shopping mall ice rink to the Olympics!

In a country with barely any Olympic size ice rinks, and against all obstacles, Donovan Carrillo will be the first figure skater from Mexico in 30 years.

Don't miss episode 5 of Winter Tracks.",,2022-01-20 09:04:00,,,https://scontent-atl3-1.xx.fbcdn.net/v/t15.13418-10/cp0/e15/q65/s320x320/265013885_4700760730036554_3918252452654037225_n.jpg?_nc_cat=107&ccb=1-5&_nc_sid=ccf8b3&efg=eyJpIjoidCJ9&_nc_ohc=TuMk4n2Gl-cAX8Ix_Hl&_nc_ht=scontent-atl3-1.xx&oh=00_AT8xsm0ceWU9o0JX0XlrppGsq3PVX94jcQRn6cckyQDulA&oe=61F70CC5,[],[],['https://scontent-atl3-1.xx.fbcdn.net/v/t15.13418-10/cp0/e15/q65/s320x320/265013885_4700760730036554_3918252452654037225_n.jpg?_nc_cat=107&ccb=1-5&_nc_sid=ccf8b3&efg=eyJpIjoidCJ9&_nc_ohc=TuMk4n2Gl-cAX8Ix_Hl&_nc_ht=scontent-atl3-1.xx&oh=00_AT8xsm0ceWU9o0JX0XlrppGsq3PVX94jcQRn6cckyQDulA&oe=61F70CC5'],[None],https://video-atl3-1.xx.fbcdn.net/v/t42.1790-2/10000000_1069603250559449_7420692455330825097_n.mp4?_nc_cat=105&ccb=1-5&_nc_sid=985c63&efg=eyJ2ZW5jb2RlX3RhZyI6InN2ZV9zZCJ9&_nc_ohc=-ul2xI0rMaUAX8mD2JJ&_nc_rml=0&_nc_ht=video-atl3-1.xx&oh=00_AT9Cpwz3JLYO03SBAmbZidpB3mdpCrhbTaZSJVDAwScu4A&oe=61F2A3FB,,,690959262064722,,,https://scontent-atl3-1.xx.fbcdn.net/v/t15.13418-10/cp0/e15/q65/s320x320/265013885_4700760730036554_3918252452654037225_n.jpg?_nc_cat=107&ccb=1-5&_nc_sid=ccf8b3&efg=eyJpIjoidCJ9&_nc_ohc=TuMk4n2Gl-cAX8Ix_Hl&_nc_ht=scontent-atl3-1.xx&oh=00_AT8xsm0ceWU9o0JX0XlrppGsq3PVX94jcQRn6cckyQDulA&oe=61F70CC5,,,444,33,60,https://facebook.com/olympics/posts/10159963977244216,,[],209361989215,Olympics,https://facebook.com/olympics/?__tn__=C-R,False,,,,,,,True,,,,,,"[{'name': 'Winter Olympics - Original Series', 'link': '/watch/209361989215/616356442984540/?__tn__=C-R'}]",209361989215,,,[],False,Olympics posted a video to playlist Winter Olympics - Original Series.
32,10159963837994216,"Aleksander Aamodt Kilde is back on top after recovering from an injury and is ready to go for gold at #Beijing2022.

Watch the alpine skier‚Äôs story here.

Aleksander Aamodt Kilde I Team Norway I FIS Alpine World Cup Tour","Aleksander Aamodt Kilde is back on top after recovering from an injury and is ready to go for gold at #Beijing2022.

Watch the alpine skier‚Äôs story here.

Aleksander Aamodt Kilde I Team Norway I FIS Alpine World Cup Tour",,2022-01-20 08:30:00,,,https://scontent-atl3-1.xx.fbcdn.net/v/t15.5256-10/cp0/e15/q65/s320x320/271929311_906244279918600_664889602155641225_n.jpg?_nc_cat=106&ccb=1-5&_nc_sid=ccf8b3&efg=eyJpIjoidCJ9&_nc_ohc=BMvY3hY3lfYAX8ZiR6e&tn=HAfNp9Z89zzQBXop&_nc_ht=scontent-atl3-1.xx&oh=00_AT_saAg95BpeAt0M_eJY2cAWll-Qo5x2NeRX7DEZyo755g&oe=61F869C2,[],[],['https://scontent-atl3-1.xx.fbcdn.net/v/t15.5256-10/cp0/e15/q65/s320x320/271929311_906244279918600_664889602155641225_n.jpg?_nc_cat=106&ccb=1-5&_nc_sid=ccf8b3&efg=eyJpIjoidCJ9&_nc_ohc=BMvY3hY3lfYAX8ZiR6e&tn=HAfNp9Z89zzQBXop&_nc_ht=scontent-atl3-1.xx&oh=00_AT_saAg95BpeAt0M_eJY2cAWll-Qo5x2NeRX7DEZyo755g&oe=61F869C2'],[None],https://video-atl3-1.xx.fbcdn.net/v/t42.1790-2/10000000_4708227515919687_2917618837184148621_n.mp4?_nc_cat=110&ccb=1-5&_nc_sid=985c63&efg=eyJ2ZW5jb2RlX3RhZyI6InN2ZV9zZCJ9&_nc_ohc=60ksRjbxhOsAX8KAixV&_nc_rml=0&_nc_ht=video-atl3-1.xx&oh=00_AT_NdLWotgqSHXEtvoB_KNjmuaiiaz5v6Boto3mAW-CPqg&oe=61F2A0FA,,,906125099930518,,,https://scontent-atl3-1.xx.fbcdn.net/v/t15.5256-10/cp0/e15/q65/s320x320/271929311_906244279918600_664889602155641225_n.jpg?_nc_cat=106&ccb=1-5&_nc_sid=ccf8b3&efg=eyJpIjoidCJ9&_nc_ohc=BMvY3hY3lfYAX8ZiR6e&tn=HAfNp9Z89zzQBXop&_nc_ht=scontent-atl3-1.xx&oh=00_AT_saAg95BpeAt0M_eJY2cAWll-Qo5x2NeRX7DEZyo755g&oe=61F869C2,,,220,11,49,https://facebook.com/olympics/posts/10159963837994216,,"[{'link': '/hashtag/beijing2022?__tn__=%2As-R', 'text': '#Beijing2022'}, {'link': '/aleksanderkilde?__tn__=%2As-R', 'text': 'Aleksander Aamodt Kilde'}, {'link': '/OlympicNOR/?__tn__=%2As-R', 'text': 'Team Norway'}, {'link': '/fisalpine/?__tn__=%2As-R', 'text': 'FIS Alpine World Cup Tour'}]",209361989215,Olympics,https://facebook.com/olympics/?__tn__=C-R,False,,,,,,,True,,,,,,"[{'name': 'Winter Olympics - Original Series', 'link': '/watch/209361989215/616356442984540/?__tn__=C-R'}]",209361989215,,,[],False,Olympics posted a video to playlist Winter Olympics - Original Series.
33,10159963561369216,"Dual sport athlete? It's possible for Fynn Bullock!üò≤

American wakeboarder & snowboarder, Bullock explains how doing two sports at an elite level has shaped him as an athlete.

Watch the full story in our original series, #SnowGame: https://oly.ch/3qLeE1V

üéµ: Skeletons, Easy Life","Dual sport athlete? It's possible for Fynn Bullock!üò≤

American wakeboarder & snowboarder, Bullock explains how doing two sports at an elite level has shaped him as an athlete.

Watch the full story in our original series, #SnowGame: https://oly.ch/3qLeE1V

üéµ: Skeletons, Easy Life",,2022-01-20 04:01:00,,,https://scontent-atl3-1.xx.fbcdn.net/v/t15.5256-10/cp0/e15/q65/s320x320/272179126_1081734925703421_4298799378650638282_n.jpg?_nc_cat=105&ccb=1-5&_nc_sid=ccf8b3&efg=eyJpIjoidCJ9&_nc_ohc=PCRLx11_kI8AX9OD19w&_nc_ht=scontent-atl3-1.xx&oh=00_AT9askyQFbXduR25uNTne42m_mHWFUAX9uGFBvMZh26N_w&oe=61F81A4A,[],[],['https://scontent-atl3-1.xx.fbcdn.net/v/t15.5256-10/cp0/e15/q65/s320x320/272179126_1081734925703421_4298799378650638282_n.jpg?_nc_cat=105&ccb=1-5&_nc_sid=ccf8b3&efg=eyJpIjoidCJ9&_nc_ohc=PCRLx11_kI8AX9OD19w&_nc_ht=scontent-atl3-1.xx&oh=00_AT9askyQFbXduR25uNTne42m_mHWFUAX9uGFBvMZh26N_w&oe=61F81A4A'],[None],https://video-atl3-1.xx.fbcdn.net/v/t42.1790-2/272093111_277997947656958_489383506486831199_n.mp4?_nc_cat=101&ccb=1-5&_nc_sid=985c63&efg=eyJ2ZW5jb2RlX3RhZyI6InN2ZV9zZCJ9&_nc_ohc=YzUD0zhDIeEAX-vFAQ-&tn=HAfNp9Z89zzQBXop&_nc_rml=0&_nc_ht=video-atl3-1.xx&oh=00_AT9pJz_4hw8eHbNdbwu3nFqmtLokbhGfsqGBKUfA3ZCmzQ&oe=61F29F79,,,1081734495703464,,,https://scontent-atl3-1.xx.fbcdn.net/v/t15.5256-10/cp0/e15/q65/s320x320/272179126_1081734925703421_4298799378650638282_n.jpg?_nc_cat=105&ccb=1-5&_nc_sid=ccf8b3&efg=eyJpIjoidCJ9&_nc_ohc=PCRLx11_kI8AX9OD19w&_nc_ht=scontent-atl3-1.xx&oh=00_AT9askyQFbXduR25uNTne42m_mHWFUAX9uGFBvMZh26N_w&oe=61F81A4A,,,132,3,13,https://facebook.com/olympics/posts/10159963561369216,https://oly.ch/3qLeE1V?fbclid=IwAR3FyxvqiYnihOkZdLnNOD76WXkKgyFqkcx8K9ZdrSewg8EoBYEBKptMCyg,"[{'link': '/hashtag/snowgame?__tn__=%2As-R', 'text': '#SnowGame'}, {'link': 'https://lm.facebook.com/l.php?u=https%3A%2F%2Foly.ch%2F3qLeE1V%3Ffbclid%3DIwAR3FyxvqiYnihOkZdLnNOD76WXkKgyFqkcx8K9ZdrSewg8EoBYEBKptMCyg&h=AT2pk9qJk6dhyvavvQ3G3GyHRcQB0OBGimgOPGuxEbzr830sblBLReevG0YCBpnQrkPiqpVQnqwnD_KagcPJb4AcpAe4finh6NCFjJENQoHL9FojH3ESB1HLtH6fEW3lQKKoyCZImZjz_UhESK70IxOIUg', 'text': 'https://oly.ch/3qLeE1V'}]",209361989215,Olympics,https://facebook.com/olympics/?__tn__=C-R,False,,,,,,,True,,,,,,,209361989215,,,[],False,
34,10159963511469216,"Debuting in 1936, Alpine Skiing has raced its way into our hearts with five heart-pounding disciplines. ‚õ∑Ô∏è

üá¶üáπ Austria dominates the history books with 121 medals. ü•áü•àü•â Which other nations have triumphed on the ski slopes at the Winter Olympics?

#StrongerTogether | #Olympics | #AlpineSkiing | #Evolution","Debuting in 1936, Alpine Skiing has raced its way into our hearts with five heart-pounding disciplines. ‚õ∑Ô∏è

üá¶üáπ Austria dominates the history books with 121 medals. ü•áü•àü•â Which other nations have triumphed on the ski slopes at the Winter Olympics?

#StrongerTogether | #Olympics | #AlpineSkiing | #Evolution",,2022-01-20 04:00:00,,,https://scontent-atl3-1.xx.fbcdn.net/v/t15.5256-10/cp0/e15/q65/p320x320/272112953_4519191538179811_3638424675316189512_n.jpg?_nc_cat=106&ccb=1-5&_nc_sid=ccf8b3&efg=eyJpIjoidCJ9&_nc_ohc=PI-mlnwibQYAX_gavc0&_nc_oc=AQnX4iUY0o-ZahIcfGZp8D9gK9EhS99OKPzB2SMl-ssZhBqRVMUt2J90Dz_qTzZ2KE4&_nc_ht=scontent-atl3-1.xx&oh=00_AT--MQ7aOlgVILkJ5lbJqQOGYN0N2XGywK2iriW9qn-Fag&oe=61F7729E,[],[],['https://scontent-atl3-1.xx.fbcdn.net/v/t15.5256-10/cp0/e15/q65/p320x320/272112953_4519191538179811_3638424675316189512_n.jpg?_nc_cat=106&ccb=1-5&_nc_sid=ccf8b3&efg=eyJpIjoidCJ9&_nc_ohc=PI-mlnwibQYAX_gavc0&_nc_oc=AQnX4iUY0o-ZahIcfGZp8D9gK9EhS99OKPzB2SMl-ssZhBqRVMUt2J90Dz_qTzZ2KE4&_nc_ht=scontent-atl3-1.xx&oh=00_AT--MQ7aOlgVILkJ5lbJqQOGYN0N2XGywK2iriW9qn-Fag&oe=61F7729E'],[None],https://video-atl3-1.xx.fbcdn.net/v/t42.1790-2/272015264_2041228416041039_6872740315014865557_n.mp4?_nc_cat=111&ccb=1-5&_nc_sid=985c63&efg=eyJ2ZW5jb2RlX3RhZyI6InN2ZV9zZCJ9&_nc_ohc=yIDownJl6WMAX98JIMr&_nc_rml=0&_nc_ht=video-atl3-1.xx&oh=00_AT8SGsFGLUcxBxX43RvlvBO9xmrb174cUloMtX2dhIKWoA&oe=61F2A4E8,,,4519189458180019,,,https://scontent-atl3-1.xx.fbcdn.net/v/t15.5256-10/cp0/e15/q65/p320x320/272112953_4519191538179811_3638424675316189512_n.jpg?_nc_cat=106&ccb=1-5&_nc_sid=ccf8b3&efg=eyJpIjoidCJ9&_nc_ohc=PI-mlnwibQYAX_gavc0&_nc_oc=AQnX4iUY0o-ZahIcfGZp8D9gK9EhS99OKPzB2SMl-ssZhBqRVMUt2J90Dz_qTzZ2KE4&_nc_ht=scontent-atl3-1.xx&oh=00_AT--MQ7aOlgVILkJ5lbJqQOGYN0N2XGywK2iriW9qn-Fag&oe=61F7729E,,,242,3,30,https://facebook.com/olympics/posts/10159963511469216,,"[{'link': '/hashtag/strongertogether?__tn__=%2As-R', 'text': '#StrongerTogether'}, {'link': '/hashtag/olympics?__tn__=%2As-R', 'text': '#Olympics'}, {'link': '/hashtag/alpineskiing?__tn__=%2As-R', 'text': '#AlpineSkiing'}, {'link': '/hashtag/evolution?__tn__=%2As-R', 'text': '#Evolution'}]",209361989215,Olympics,https://facebook.com/olympics/?__tn__=C-R,False,,,,,,,True,,,,,,,209361989215,,,[],False,
35,10159962163434216,"A life-changing experience.

Red Gerard went to PyeongChang 2018 and won Winter Olympic gold at the age of 17 for Team USA.

What has the snowboard slopestyle champion learnt since his ""Super Bowl"" moment?

He'll use Beijing 2022 to show us the answer.

FIS Snowboarding IU.S. Ski & Snowboard Team","A life-changing experience.

Red Gerard went to PyeongChang 2018 and won Winter Olympic gold at the age of 17 for Team USA.

What has the snowboard slopestyle champion learnt since his ""Super Bowl"" moment?

He'll use Beijing 2022 to show us the answer.

FIS Snowboarding IU.S. Ski & Snowboard Team",,2022-01-19 09:11:00,,,https://scontent-atl3-1.xx.fbcdn.net/v/t15.5256-10/cp0/e15/q65/s320x320/269582030_2386036714861060_3042538145765219619_n.jpg?_nc_cat=109&ccb=1-5&_nc_sid=ccf8b3&efg=eyJpIjoidCJ9&_nc_ohc=kR-edcox53oAX-KT-_M&_nc_oc=AQltOHUc0ufAK3bGEDE7kZ0riwEOG9oWb7YaHRuv3nnpbTXVotc31tiRBZ7tqy0Jxg4&tn=HAfNp9Z89zzQBXop&_nc_ht=scontent-atl3-1.xx&oh=00_AT_Kr__s30VzzPINVncWaSGoNOtBdUlEltAKw2rXlAc-XQ&oe=61F79D51,[],[],['https://scontent-atl3-1.xx.fbcdn.net/v/t15.5256-10/cp0/e15/q65/s320x320/269582030_2386036714861060_3042538145765219619_n.jpg?_nc_cat=109&ccb=1-5&_nc_sid=ccf8b3&efg=eyJpIjoidCJ9&_nc_ohc=kR-edcox53oAX-KT-_M&_nc_oc=AQltOHUc0ufAK3bGEDE7kZ0riwEOG9oWb7YaHRuv3nnpbTXVotc31tiRBZ7tqy0Jxg4&tn=HAfNp9Z89zzQBXop&_nc_ht=scontent-atl3-1.xx&oh=00_AT_Kr__s30VzzPINVncWaSGoNOtBdUlEltAKw2rXlAc-XQ&oe=61F79D51'],[None],https://video-atl3-1.xx.fbcdn.net/v/t42.1790-2/272183293_152255713821574_9153587829535451255_n.mp4?_nc_cat=110&ccb=1-5&_nc_sid=985c63&efg=eyJ2ZW5jb2RlX3RhZyI6InN2ZV9zZCJ9&_nc_ohc=sRHOniDjK_kAX8uArwA&_nc_rml=0&_nc_ht=video-atl3-1.xx&oh=00_AT-2JeCHhLEDt5TH-1TWKmEdqSGwmNq5uMSn_J_PhaFhog&oe=61F2A9CF,,,2386034491527949,,,https://scontent-atl3-1.xx.fbcdn.net/v/t15.5256-10/cp0/e15/q65/s320x320/269582030_2386036714861060_3042538145765219619_n.jpg?_nc_cat=109&ccb=1-5&_nc_sid=ccf8b3&efg=eyJpIjoidCJ9&_nc_ohc=kR-edcox53oAX-KT-_M&_nc_oc=AQltOHUc0ufAK3bGEDE7kZ0riwEOG9oWb7YaHRuv3nnpbTXVotc31tiRBZ7tqy0Jxg4&tn=HAfNp9Z89zzQBXop&_nc_ht=scontent-atl3-1.xx&oh=00_AT_Kr__s30VzzPINVncWaSGoNOtBdUlEltAKw2rXlAc-XQ&oe=61F79D51,,,148,10,15,https://facebook.com/olympics/posts/10159962163434216,,"[{'link': '/redgerard?__tn__=%2As-R', 'text': 'Red Gerard'}, {'link': '/TeamUSA/?__tn__=%2As-R', 'text': 'Team USA'}, {'link': '/beijing2022/?__tn__=%2As-R', 'text': 'Beijing 2022'}, {'link': '/fissnowboard/?__tn__=%2As-R', 'text': 'FIS Snowboarding'}, {'link': '/usskiandsnowboard/?__tn__=%2As-R', 'text': 'U.S. Ski & Snowboard Team'}]",209361989215,Olympics,https://facebook.com/olympics/?__tn__=C-R,False,,,,,,,True,,,,,,"[{'name': 'Why the Winter Olympics are Awesome', 'link': '/watch/209361989215/640858280670039/?__tn__=C-R'}]",209361989215,,,[],False,Olympics posted a video to playlist Why the Winter Olympics are Awesome.
36,10159961955264216,"Two years to go until Gangwon 2024, the next Winter Youth Olympic Games, and we can't wait!","Two years to go until Gangwon 2024, the next Winter Youth Olympic Games, and we can't wait!",,2022-01-19 09:00:00,,,https://scontent-atl3-1.xx.fbcdn.net/v/t15.5256-10/cp0/e15/q65/s320x320/271845201_1119552805567506_2080740928577323314_n.jpg?_nc_cat=108&ccb=1-5&_nc_sid=ccf8b3&efg=eyJpIjoidCJ9&_nc_ohc=eXRYv5j8aHAAX-JQbmD&tn=HAfNp9Z89zzQBXop&_nc_ht=scontent-atl3-1.xx&oh=00_AT9NO_AGkaFFwZXsfBO-w7XkVwSAjOYJU5uHV_irELV23Q&oe=61F7FC7D,[],[],['https://scontent-atl3-1.xx.fbcdn.net/v/t15.5256-10/cp0/e15/q65/s320x320/271845201_1119552805567506_2080740928577323314_n.jpg?_nc_cat=108&ccb=1-5&_nc_sid=ccf8b3&efg=eyJpIjoidCJ9&_nc_ohc=eXRYv5j8aHAAX-JQbmD&tn=HAfNp9Z89zzQBXop&_nc_ht=scontent-atl3-1.xx&oh=00_AT9NO_AGkaFFwZXsfBO-w7XkVwSAjOYJU5uHV_irELV23Q&oe=61F7FC7D'],[None],https://video-atl3-1.xx.fbcdn.net/v/t42.1790-2/269665196_971568360420537_2910688155407611420_n.mp4?_nc_cat=108&ccb=1-5&_nc_sid=985c63&efg=eyJ2ZW5jb2RlX3RhZyI6InN2ZV9zZCJ9&_nc_ohc=pTsTWirRacoAX9yigGN&_nc_rml=0&_nc_ht=video-atl3-1.xx&oh=00_AT9XzcduzUBZ_MLl2_hDT8_IsBGYnyuYyaLjyLYZeDV0fQ&oe=61F2A67C,,,1119552085567578,,,https://scontent-atl3-1.xx.fbcdn.net/v/t15.5256-10/cp0/e15/q65/s320x320/271845201_1119552805567506_2080740928577323314_n.jpg?_nc_cat=108&ccb=1-5&_nc_sid=ccf8b3&efg=eyJpIjoidCJ9&_nc_ohc=eXRYv5j8aHAAX-JQbmD&tn=HAfNp9Z89zzQBXop&_nc_ht=scontent-atl3-1.xx&oh=00_AT9NO_AGkaFFwZXsfBO-w7XkVwSAjOYJU5uHV_irELV23Q&oe=61F7FC7D,,,105,3,12,https://facebook.com/olympics/posts/10159961955264216,,[],209361989215,Olympics,https://facebook.com/olympics/?__tn__=C-R,False,,,,,,,True,,,,,,,209361989215,,,[],False,
